HITId,HITTypeId,Title,CreationTime,MaxAssignments,AssignmentDurationInSeconds,AssignmentId,WorkerId,AcceptTime,SubmitTime,WorkTimeInSeconds,Input.answerGroups,Input.answerQuestions,Input.imgUrl,Input.questionStr,Input.question_id,Answer.answer_groups,Answer.answer_questions,Answer.is_skip,Answer.skipCheck,Answer.skip_reason,Turkle.Username
515770,727,jimena_test_for_annotator_uncertainty,Thu Jun 23 18:57:09 UTC 2022,1,86400,24497,129,Fri Jun 24 16:03:21 UTC 2022,Fri Jun 24 16:03:54 UTC 2022,33,"[[{""id"": ""g0.1"", ""content"": ""250 lbs""}], [{""id"": ""g1.0"", ""content"": ""8 feet""}], [{""id"": ""g2.3"", ""content"": ""very""}]]","[""How large in weight would this bear be?"", ""How large in feet would this bear be?"", ""How large would this bear be in general?""]","""https://cs.jhu.edu/~esteng/images_for_hit/COCO_train2014_000000420544.jpg""","""How large would this bear be?""",420544001,"[[{""id"":""g0.1"",""content"":""250 lbs""}],[{""id"":""g1.0"",""content"":""8 feet""}],[{""id"":""g2.3"",""content"":""very""}]]","[""How large in weight would this bear be?"",""How large in feet would this bear be?"",""How large would this bear be in general?""]",true,value,"[""skip"", ""~"", ""A/K. U""]",jgualla1
515777,727,jimena_test_for_annotator_uncertainty,Thu Jun 23 18:57:09 UTC 2022,1,86400,24504,129,Fri Jun 24 16:13:23 UTC 2022,Fri Jun 24 16:13:31 UTC 2022,8,"[[{""id"": ""g0.3"", ""content"": ""cielle""}], [{""id"": ""g1.2"", ""content"": ""big knife""}]]","[""Who killed the dog cake here?"", ""What killed the dog cake?""]","""https://cs.jhu.edu/~esteng/images_for_hit/COCO_train2014_000000309404.jpg""","""Who killed the dog cake?""",309404023,"[[{""id"":""g0.3"",""content"":""cielle""}],[{""id"":""g1.2"",""content"":""big knife""}]]","[""Who killed the dog cake here?"",""What killed the dog cake?""]",true,value,"[""skip"", ""~"", ""~ (guessing from partial info)""]",jgualla1
515784,727,jimena_test_for_annotator_uncertainty,Thu Jun 23 18:57:09 UTC 2022,1,86400,24511,129,Fri Jun 24 16:15:28 UTC 2022,Fri Jun 24 16:15:39 UTC 2022,11,"[[{""id"": ""g0.1"", ""content"": ""tour guide""}], [{""id"": ""g1.6"", ""content"": ""advertise""}], [{""id"": ""g2.0"", ""content"": ""bus driver""}]]","[""What is the job name of the person in red?"", ""What job is the person in red doing?"", ""What is the job of the person in red possibly?""]","""https://cs.jhu.edu/~esteng/images_for_hit/COCO_train2014_000000037771.jpg""","""What is the job of the person in red?""",37771003,"[[{""id"":""g0.1"",""content"":""tour guide""}],[{""id"":""g1.6"",""content"":""advertise""}],[{""id"":""g2.0"",""content"":""bus driver""}]]","[""What is the job name of the person in red?"",""What job is the person in red doing?"",""What is the job of the person in red possibly?""]",true,value,"[""skip"", ""A/K"", ""A/K. ~ (all are jobs?)""]",jgualla1
515794,727,jimena_test_for_annotator_uncertainty,Thu Jun 23 18:57:09 UTC 2022,1,86400,24521,129,Fri Jun 24 16:22:03 UTC 2022,Fri Jun 24 16:22:12 UTC 2022,9,"[[{""id"": ""g0.0"", ""content"": ""man""}], [{""id"": ""g1.1"", ""content"": ""one on right""}], [{""id"": ""g2.1"", ""content"": ""sous chef""}]]","[""Which gender person is in the black hat?"", ""Where is the person is in the black hat?"", ""The person is in the black hat is called what?""]","""https://cs.jhu.edu/~esteng/images_for_hit/COCO_train2014_000000262239.jpg""","""Which person is in the black hat?""",262239001,"[[{""id"":""g0.0"",""content"":""man""}],[{""id"":""g1.1"",""content"":""one on right""}],[{""id"":""g2.1"",""content"":""sous chef""}]]","[""Which gender person is in the black hat?"",""Where is the person is in the black hat?"",""The person is in the black hat is called what?""]",true,value,"[""skip"", ""skip"", ""~ (all answer same?) ""]",jgualla1
515796,727,jimena_test_for_annotator_uncertainty,Thu Jun 23 18:57:09 UTC 2022,1,86400,24523,129,Fri Jun 24 16:22:18 UTC 2022,Fri Jun 24 16:22:25 UTC 2022,7,"[[{""id"": ""g0.1"", ""content"": ""new beginning""}], [{""id"": ""g1.2"", ""content"": ""to pay for parking""}], [{""id"": ""g2.2"", ""content"": ""not parking meter""}]]","[""Why do people want to put money in this machine?"", ""Why might people accidentally put money in this machine?"", ""Why do people not put money in this machine?""]","""https://cs.jhu.edu/~esteng/images_for_hit/COCO_train2014_000000120595.jpg""","""Why do people put money in this machine?""",120595001,"[[{""id"":""g0.1"",""content"":""new beginning""}],[{""id"":""g1.2"",""content"":""to pay for parking""}],[{""id"":""g2.2"",""content"":""not parking meter""}]]","[""Why do people want to put money in this machine?"",""Why might people accidentally put money in this machine?"",""Why do people not put money in this machine?""]",true,value,"[""skip"", ""~"", ""~. M/A ""]",jgualla1
515801,727,jimena_test_for_annotator_uncertainty,Thu Jun 23 18:57:09 UTC 2022,1,86400,24528,129,Fri Jun 24 16:23:00 UTC 2022,Fri Jun 24 16:23:09 UTC 2022,9,"[[{""id"": ""g0.5"", ""content"": ""protecting""}], [{""id"": ""g1.1"", ""content"": ""slaughter""}]]","[""What is being done for this animal?"", ""What is being ready to be done to this animal?""]","""https://cs.jhu.edu/~esteng/images_for_hit/COCO_train2014_000000458654.jpg""","""What is being done to this animal?""",458654006,"[[{""id"":""g0.5"",""content"":""protecting""}],[{""id"":""g1.1"",""content"":""slaughter""}]]","[""What is being done for this animal?"",""What is being ready to be done to this animal?""]",true,value,"[""skip"", ""~"", ""M/A, M/B""]",jgualla1
515805,727,jimena_test_for_annotator_uncertainty,Thu Jun 23 18:57:09 UTC 2022,1,86400,24532,129,Fri Jun 24 16:23:34 UTC 2022,Fri Jun 24 16:23:41 UTC 2022,7,"[[{""id"": ""g0.4"", ""content"": ""no one""}], [{""id"": ""g1.2"", ""content"": ""it's store""}]]","[""Who apt is this a photo of?"", ""What kind of an apt is this?""]","""https://cs.jhu.edu/~esteng/images_for_hit/COCO_train2014_000000434372.jpg""","""Who apt is this?""",434372003,"[[{""id"":""g0.4"",""content"":""no one""}],[{""id"":""g1.2"",""content"":""it's store""}]]","[""Who apt is this a photo of?"",""What kind of an apt is this?""]",true,value,"[""skip"", ""~"", ""M/B    ""]",jgualla1
515806,727,jimena_test_for_annotator_uncertainty,Thu Jun 23 18:57:09 UTC 2022,1,86400,24533,129,Fri Jun 24 16:23:41 UTC 2022,Fri Jun 24 16:23:59 UTC 2022,18,"[[{""id"": ""g0.6"", ""content"": ""field""}], [{""id"": ""g1.0"", ""content"": ""toronto""}]]","[""Where is the vintage automobile stopped?"", ""In which city is the vintage automobile?""]","""https://cs.jhu.edu/~esteng/images_for_hit/COCO_train2014_000000016486.jpg""","""Where is the vintage automobile?""",16486003,"[[{""id"":""g0.6"",""content"":""field""}],[{""id"":""g1.0"",""content"":""toronto""}]]","[""Where is the vintage automobile stopped?"",""In which city is the vintage automobile?""]",true,value,"[""skip"", ""~"", ""A/L    ""]",jgualla1
515820,727,jimena_test_for_annotator_uncertainty,Thu Jun 23 18:57:09 UTC 2022,1,86400,24547,129,Fri Jun 24 16:26:00 UTC 2022,Fri Jun 24 16:26:06 UTC 2022,6,"[[{""id"": ""g0.3"", ""content"": ""temple""}], [{""id"": ""g1.4"", ""content"": ""foyer""}]]","[""What kind of room is this located in?"", ""What kind of room is this called?""]","""https://cs.jhu.edu/~esteng/images_for_hit/COCO_train2014_000000277134.jpg""","""What kind of room is this?""",277134000,"[[{""id"":""g0.3"",""content"":""temple""}],[{""id"":""g1.4"",""content"":""foyer""}]]","[""What kind of room is this located in?"",""What kind of room is this called?""]",true,value,"[""skip"", ""~"", ""A/K. M/B      ""]",jgualla1
515821,727,jimena_test_for_annotator_uncertainty,Thu Jun 23 18:57:09 UTC 2022,1,86400,24548,129,Fri Jun 24 16:26:06 UTC 2022,Fri Jun 24 16:26:37 UTC 2022,31,"[[{""id"": ""g0.5"", ""content"": ""rod""}], [{""id"": ""g1.0"", ""content"": ""up""}]]","[""What are the curtains hung on?"", ""Are the curtains hung up or are they  down?""]","""https://cs.jhu.edu/~esteng/images_for_hit/COCO_train2014_000000034831.jpg""","""How are the curtains hung?""",34831008,"[[{""id"":""g0.5"",""content"":""rod""}],[{""id"":""g1.0"",""content"":""up""}]]","[""What are the curtains hung on?"",""Are the curtains hung up or are they  down?""]",true,value,"[""~ A/Manner"", ""~"", ""~ (reason maybe different) ""]",jgualla1
515822,727,jimena_test_for_annotator_uncertainty,Thu Jun 23 18:57:09 UTC 2022,1,86400,24549,129,Fri Jun 24 16:26:37 UTC 2022,Fri Jun 24 16:27:01 UTC 2022,24,"[[{""id"": ""g0.2"", ""content"": ""yosemite""}], [{""id"": ""g1.2"", ""content"": ""slight slope""}], [{""id"": ""g2.0"", ""content"": ""north""}]]","[""What is the mountain slope's nam this person snowboarding on?"", ""What mountain slope terrain is this person snowboarding on?"", ""What mountain slope direction is this person snowboarding on?""]","""https://cs.jhu.edu/~esteng/images_for_hit/COCO_train2014_000000354741.jpg""","""What mountain slope is this person snowboarding on?""",354741008,"[[{""id"":""g0.2"",""content"":""yosemite""}],[{""id"":""g1.2"",""content"":""slight slope""}],[{""id"":""g2.0"",""content"":""north""}]]","[""What is the mountain slope's nam this person snowboarding on?"",""What mountain slope terrain is this person snowboarding on?"",""What mountain slope direction is this person snowboarding on?""]",true,value,"[""skip"", ""~"", ""A/K. M/B      ""]",jgualla1
515838,727,jimena_test_for_annotator_uncertainty,Thu Jun 23 18:57:09 UTC 2022,1,86400,24565,129,Fri Jun 24 16:30:12 UTC 2022,Fri Jun 24 16:30:22 UTC 2022,10,"[[{""id"": ""g0.6"", ""content"": ""speedo""}], [{""id"": ""g1.2"", ""content"": ""white lettering""}]]","[""What is written on the person's sleeve represent?"", ""What design is written on the person's sleeve?""]","""https://cs.jhu.edu/~esteng/images_for_hit/COCO_train2014_000000342681.jpg""","""What is written on the person's sleeve?""",342681006,"[[{""id"":""g0.6"",""content"":""speedo""}],[{""id"":""g1.2"",""content"":""white lettering""}]]","[""What is written on the person's sleeve represent?"",""What design is written on the person's sleeve?""]",true,value,"[""skip"", ""~"", ""A/K. M/A. M/B    ""]",jgualla1
515883,727,jimena_test_for_annotator_uncertainty,Thu Jun 23 18:57:09 UTC 2022,1,86400,24610,129,Fri Jun 24 16:43:12 UTC 2022,Fri Jun 24 16:43:19 UTC 2022,7,"[[{""id"": ""g0.1"", ""content"": ""old car show""}], [{""id"": ""g1.3"", ""content"": ""motorcycle show""}]]","[""What kind of event is this?"", ""What kind of event is this?""]","""https://cs.jhu.edu/~esteng/images_for_hit/COCO_train2014_000000265967.jpg""","""What kind of event is this?""",265967000,"[[{""id"":""g0.1"",""content"":""old car show""}],[{""id"":""g1.3"",""content"":""motorcycle show""}]]","[""What kind of event is this?"",""What kind of event is this?""]",true,value,"[""skip"", ""A/K"", ""~ (same) ""]",jgualla1
515885,727,jimena_test_for_annotator_uncertainty,Thu Jun 23 18:57:09 UTC 2022,1,86400,24612,129,Fri Jun 24 16:43:29 UTC 2022,Fri Jun 24 16:43:35 UTC 2022,6,"[[{""id"": ""g0.1"", ""content"": ""coffee""}], [{""id"": ""g1.0"", ""content"": ""yes""}]]","[""What kind of beverage was served?"", ""Was any beverage served?""]","""https://cs.jhu.edu/~esteng/images_for_hit/COCO_train2014_000000460694.jpg""","""Was a beverage served?""",460694000,"[[{""id"":""g0.1"",""content"":""coffee""}],[{""id"":""g1.0"",""content"":""yes""}]]","[""What kind of beverage was served?"",""Was any beverage served?""]",true,value,"[""skip"", ""~"", ""M/A. ~""]",jgualla1
515886,727,jimena_test_for_annotator_uncertainty,Thu Jun 23 18:57:09 UTC 2022,1,86400,24613,129,Fri Jun 24 16:43:35 UTC 2022,Fri Jun 24 16:43:42 UTC 2022,7,"[[{""id"": ""g0.1"", ""content"": ""people caged in""}], [{""id"": ""g1.1"", ""content"": ""animal""}]]","[""Are the animals or people in the cage?"", ""Are the animals or people outside the cage ?""]","""https://cs.jhu.edu/~esteng/images_for_hit/COCO_train2014_000000466845.jpg""","""Are the animals or people caged in?""",466845001,"[[{""id"":""g0.1"",""content"":""people caged in""}],[{""id"":""g1.1"",""content"":""animal""}]]","[""Are the animals or people in the cage?"",""Are the animals or people outside the cage ?""]",true,value,"[""skip"", ""~"", ""~ (disagreement on what caged means) ""]",jgualla1
515889,727,jimena_test_for_annotator_uncertainty,Thu Jun 23 18:57:09 UTC 2022,1,86400,24616,129,Fri Jun 24 16:44:05 UTC 2022,Fri Jun 24 16:44:33 UTC 2022,28,"[[{""id"": ""g0.0"", ""content"": ""white""}], [{""id"": ""g1.0"", ""content"": ""brown""}]]","[""What is the color of the car behind the locomotive?"", ""What is the color of the second car behind the locomotive?""]","""https://cs.jhu.edu/~esteng/images_for_hit/COCO_train2014_000000165829.jpg""","""What is the color of the second box car?""",165829001,"[[{""id"":""g0.0"",""content"":""white""}],[{""id"":""g1.0"",""content"":""brown""}]]","[""What is the color of the car behind the locomotive?"",""What is the color of the second car behind the locomotive?""]",true,value,"[""skip"", ""~"", ""A/M. A/L. ~ (A/L-like but more about frame of reference) ""]",jgualla1
515891,727,jimena_test_for_annotator_uncertainty,Thu Jun 23 18:57:09 UTC 2022,1,86400,24618,129,Fri Jun 24 16:44:41 UTC 2022,Fri Jun 24 16:47:34 UTC 2022,173,"[[{""id"": ""g0.2"", ""content"": ""on floor""}], [{""id"": ""g1.2"", ""content"": ""on sidewalk""}]]","[""What are the bags placed on?"", ""What hard surface are the bags placed?""]","""https://cs.jhu.edu/~esteng/images_for_hit/COCO_train2014_000000172475.jpg""","""Where are the bags placed?""",172475009,"[[{""id"":""g0.2"",""content"":""on floor""}],[{""id"":""g1.2"",""content"":""on sidewalk""}]]","[""What are the bags placed on?"",""What hard surface are the bags placed?""]",true,value,"[""skip"", ""~"", ""A/L ""]",jgualla1
515901,727,jimena_test_for_annotator_uncertainty,Thu Jun 23 18:57:09 UTC 2022,1,86400,24628,129,Fri Jun 24 16:50:56 UTC 2022,Fri Jun 24 16:51:06 UTC 2022,10,"[[{""id"": ""g0.0"", ""content"": ""up""}], [{""id"": ""g1.0"", ""content"": ""down""}]]","[""Is the toilet lid up or down?"", ""Is the toilet seat up or down?""]","""https://cs.jhu.edu/~esteng/images_for_hit/COCO_train2014_000000300571.jpg""","""Is the toilet seat lid up or down?""",300571000,"[[{""id"":""g0.0"",""content"":""up""}],[{""id"":""g1.0"",""content"":""down""}]]","[""Is the toilet lid up or down?"",""Is the toilet seat up or down?""]",true,value,"[""skip"", ""skip"", ""M/A. ~ (disaggrement about what is lid or seat) ""]",jgualla1
515917,727,jimena_test_for_annotator_uncertainty,Thu Jun 23 18:57:09 UTC 2022,1,86400,24644,129,Fri Jun 24 16:55:27 UTC 2022,Fri Jun 24 16:55:54 UTC 2022,27,"[[{""id"": ""g0.2"", ""content"": ""moving""}], [{""id"": ""g1.1"", ""content"": ""biking""}], [{""id"": ""g2.0"", ""content"": ""enjoying park""}], [{""id"": ""g3.1"", ""content"": ""biking, running, walking""}]]","[""What are the people doing in motion"", ""What activity are the people doing?"", ""What are the people doing here?"", ""What activity are the people doing?""]","""https://cs.jhu.edu/~esteng/images_for_hit/COCO_train2014_000000144552.jpg""","""What are the people doing?""",144552001,"[[{""id"":""g0.2"",""content"":""moving""}],[{""id"":""g1.1"",""content"":""biking""}],[{""id"":""g2.0"",""content"":""enjoying park""}],[{""id"":""g3.1"",""content"":""biking, running, walking""}]]","[""What are the people doing in motion"",""What activity are the people doing?"",""What are the people doing here?"",""What activity are the people doing?""]",true,value,"[""skip"", ""A/M.A/G.~"", ""A/M. A/G   ""]",jgualla1
515934,727,jimena_test_for_annotator_uncertainty,Thu Jun 23 18:57:09 UTC 2022,1,86400,24661,129,Fri Jun 24 16:59:04 UTC 2022,Fri Jun 24 16:59:12 UTC 2022,8,"[[{""id"": ""g0.5"", ""content"": ""light is off""}], [{""id"": ""g1.3"", ""content"": ""speaker""}]]","[""Why is part of the computer in the shade possibly?"", ""What part of the computer is in the shade?""]","""https://cs.jhu.edu/~esteng/images_for_hit/COCO_train2014_000000451213.jpg""","""Why is part of the computer in the shade?""",451213004,"[[{""id"":""g0.5"",""content"":""light is off""}],[{""id"":""g1.3"",""content"":""speaker""}]]","[""Why is part of the computer in the shade possibly?"",""What part of the computer is in the shade?""]",true,value,"[""skip"", ""~"", ""M/B. M/A. ~ (reason) ""]",jgualla1
515942,727,jimena_test_for_annotator_uncertainty,Thu Jun 23 18:57:09 UTC 2022,1,86400,24669,129,Fri Jun 24 17:00:56 UTC 2022,Fri Jun 24 17:01:08 UTC 2022,12,"[[{""id"": ""g0.6"", ""content"": ""toronto""}], [{""id"": ""g1.0"", ""content"": ""fowler""}]]","[""What team does he play for named?"", ""What 's his name for theteam does he play for?""]","""https://cs.jhu.edu/~esteng/images_for_hit/COCO_train2014_000000387606.jpg""","""What team does he play for?""",387606002,"[[{""id"":""g0.6"",""content"":""toronto""}],[{""id"":""g1.0"",""content"":""fowler""}]]","[""What team does he play for named?"",""What 's his name for theteam does he play for?""]",true,value,"[""skip"", ""U"", ""U. A/M. ~ (underspecified/domain knowledge) ""]",jgualla1
515945,727,jimena_test_for_annotator_uncertainty,Thu Jun 23 18:57:09 UTC 2022,1,86400,24672,129,Fri Jun 24 17:01:31 UTC 2022,Fri Jun 24 17:01:39 UTC 2022,8,"[[{""id"": ""g0.5"", ""content"": ""5""}], [{""id"": ""g1.0"", ""content"": ""boy""}]]","[""How old would you consider the subject in this picture to be?"", ""How would you classify the subject in this picture?""]","""https://cs.jhu.edu/~esteng/images_for_hit/COCO_train2014_000000309096.jpg""","""How old would you consider the subject in this picture?""",309096011,"[[{""id"":""g0.5"",""content"":""5""}],[{""id"":""g1.0"",""content"":""boy""}]]","[""How old would you consider the subject in this picture to be?"",""How would you classify the subject in this picture?""]",true,value,"[""skip"", ""~"", ""M/A.A/T ""]",jgualla1
515948,727,jimena_test_for_annotator_uncertainty,Thu Jun 23 18:57:09 UTC 2022,1,86400,24675,129,Fri Jun 24 17:02:15 UTC 2022,Fri Jun 24 17:02:34 UTC 2022,19,"[[{""id"": ""g0.5"", ""content"": ""belt""}], [{""id"": ""g1.0"", ""content"": ""post""}]]","[""What possible item is around the woman in the red shirt's waist?"", ""The item around the woman in the red shirt's waist is located near what?""]","""https://cs.jhu.edu/~esteng/images_for_hit/COCO_train2014_000000461208.jpg""","""What item is around the woman in the red shirt's waist?""",461208009,"[[{""id"":""g0.5"",""content"":""belt""}],[{""id"":""g1.0"",""content"":""post""}]]","[""What possible item is around the woman in the red shirt's waist?"",""The item around the woman in the red shirt's waist is located near what?""]",true,value,"[""skip"", ""A/M.~"", ""A/L. ~ (ambiguity on \""around\"" as \""near\"") ""]",jgualla1
515953,727,jimena_test_for_annotator_uncertainty,Thu Jun 23 18:57:09 UTC 2022,1,86400,24680,129,Fri Jun 24 17:03:33 UTC 2022,Fri Jun 24 17:03:44 UTC 2022,11,"[[{""id"": ""g0.5"", ""content"": ""sky""}], [{""id"": ""g1.0"", ""content"": ""plane""}]]","[""Besides the sun, what possibly is the other light source in this scene?"", ""Besides the sun, what is the other sky light source in this scene?""]","""https://cs.jhu.edu/~esteng/images_for_hit/COCO_train2014_000000238290.jpg""","""Besides the sun, what is the other light source in this scene?""",238290005,"[[{""id"":""g0.5"",""content"":""sky""}],[{""id"":""g1.0"",""content"":""plane""}]]","[""Besides the sun, what possibly is the other light source in this scene?"",""Besides the sun, what is the other sky light source in this scene?""]",true,value,"[""skip"", ""~"", ""~ (disagreement on source of light)""]",jgualla1
515968,727,jimena_test_for_annotator_uncertainty,Thu Jun 23 18:57:09 UTC 2022,1,86400,24695,129,Fri Jun 24 18:07:44 UTC 2022,Fri Jun 24 18:07:56 UTC 2022,12,"[[{""id"": ""g0.3"", ""content"": ""senior citizens""}], [{""id"": ""g1.2"", ""content"": ""sixties""}]]","[""What age group are most of these people called?"", ""What specific age group are most of these people in?""]","""https://cs.jhu.edu/~esteng/images_for_hit/COCO_train2014_000000477567.jpg""","""What age group are most of these people in?""",477567013,"[[{""id"":""g0.3"",""content"":""senior citizens""}],[{""id"":""g1.2"",""content"":""sixties""}]]","[""What age group are most of these people called?"",""What specific age group are most of these people in?""]",true,value,"[""skip"", ""~"", ""A/T  ""]",jgualla1
515980,727,jimena_test_for_annotator_uncertainty,Thu Jun 23 18:57:09 UTC 2022,1,86400,24707,129,Fri Jun 24 18:10:22 UTC 2022,Fri Jun 24 18:10:45 UTC 2022,23,"[[{""id"": ""g0.5"", ""content"": ""lasagna and salad""}], [{""id"": ""g1.1"", ""content"": ""dinner""}]]","[""What are they eating from the plate?"", ""What meal are they eating?""]","""https://cs.jhu.edu/~esteng/images_for_hit/COCO_train2014_000000277857.jpg""","""What are they eating?""",277857023,"[[{""id"":""g0.5"",""content"":""lasagna and salad""}],[{""id"":""g1.1"",""content"":""dinner""}]]","[""What are they eating from the plate?"",""What meal are they eating?""]",true,value,"[""skip"", ""~"", ""A/K  ~ (alternatives) ""]",jgualla1
515987,727,jimena_test_for_annotator_uncertainty,Thu Jun 23 18:57:09 UTC 2022,1,86400,24714,129,Fri Jun 24 18:13:17 UTC 2022,Fri Jun 24 18:13:34 UTC 2022,17,"[[{""id"": ""g0.4"", ""content"": ""30s""}], [{""id"": ""g1.1"", ""content"": ""adult""}], [{""id"": ""g2.0"", ""content"": ""friends""}]]","[""What decade age group are these people in the picture?"", ""What major age group are these people in the picture?"", ""Why are these people in the picture?""]","""https://cs.jhu.edu/~esteng/images_for_hit/COCO_train2014_000000030288.jpg""","""What age group are these people in the picture?""",30288010,"[[{""id"":""g0.4"",""content"":""30s""}],[{""id"":""g1.1"",""content"":""adult""}],[{""id"":""g2.0"",""content"":""friends""}]]","[""What decade age group are these people in the picture?"",""What major age group are these people in the picture?"",""Why are these people in the picture?""]",true,value,"[""skip"", ""~"", ""A/T  ""]",jgualla1
515991,727,jimena_test_for_annotator_uncertainty,Thu Jun 23 18:57:09 UTC 2022,1,86400,24718,129,Fri Jun 24 18:14:03 UTC 2022,Fri Jun 24 18:14:22 UTC 2022,19,"[[{""id"": ""g0.4"", ""content"": ""plowed""}], [{""id"": ""g1.0"", ""content"": ""snow plow""}]]","[""How is has the trail been cared for described?"", ""By what has the trail been cared for?""]","""https://cs.jhu.edu/~esteng/images_for_hit/COCO_train2014_000000212840.jpg""","""How is has the trail been cared for?""",212840003,"[[{""id"":""g0.4"",""content"":""plowed""}],[{""id"":""g1.0"",""content"":""snow plow""}]]","[""How is has the trail been cared for described?"",""By what has the trail been cared for?""]",true,value,"[""~! A/Manner"", ""~"", ""~ (reason/cause) ""]",jgualla1
515992,727,jimena_test_for_annotator_uncertainty,Thu Jun 23 18:57:09 UTC 2022,1,86400,24719,129,Fri Jun 24 18:14:22 UTC 2022,Fri Jun 24 18:14:34 UTC 2022,12,"[[{""id"": ""g0.4"", ""content"": ""green and blue""}], [{""id"": ""g1.0"", ""content"": ""cloudy""}]]","[""What various color scheme is the photo taken in?"", ""What sky color scheme is the photo taken in?""]","""https://cs.jhu.edu/~esteng/images_for_hit/COCO_train2014_000000132417.jpg""","""What color scheme is the photo taken in?""",132417003,"[[{""id"":""g0.4"",""content"":""green and blue""}],[{""id"":""g1.0"",""content"":""cloudy""}]]","[""What various color scheme is the photo taken in?"",""What sky color scheme is the photo taken in?""]",true,value,"[""skip"", ""~"", ""A/M          ""]",jgualla1
516002,727,jimena_test_for_annotator_uncertainty,Thu Jun 23 18:57:09 UTC 2022,1,86400,24729,129,Fri Jun 24 18:16:39 UTC 2022,Fri Jun 24 18:16:46 UTC 2022,7,"[[{""id"": ""g0.5"", ""content"": ""1 scoop""}], [{""id"": ""g1.1"", ""content"": ""serving""}], [{""id"": ""g2.1"", ""content"": ""lots""}]]","[""How much mashed potatoes is on the plate by a measurement?"", ""How much mashed potatoes is placed on the plate ?"", ""How much mashed potatoes is on the plate generally?""]","""https://cs.jhu.edu/~esteng/images_for_hit/COCO_train2014_000000403644.jpg""","""How much mashed potatoes is on the plate?""",403644000,"[[{""id"":""g0.5"",""content"":""1 scoop""}],[{""id"":""g1.1"",""content"":""serving""}],[{""id"":""g2.1"",""content"":""lots""}]]","[""How much mashed potatoes is on the plate by a measurement?"",""How much mashed potatoes is placed on the plate ?"",""How much mashed potatoes is on the plate generally?""]",true,value,"[""skip"", ""~"", ""~ (quantity) ""]",jgualla1
516010,727,jimena_test_for_annotator_uncertainty,Thu Jun 23 18:57:09 UTC 2022,1,86400,24737,129,Fri Jun 24 18:18:22 UTC 2022,Fri Jun 24 18:18:31 UTC 2022,9,"[[{""id"": ""g0.7"", ""content"": ""pears""}], [{""id"": ""g1.0"", ""content"": ""green""}]]","[""What fruit is closest to the camera possibly?"", ""What fruit color is closest to the camera?""]","""https://cs.jhu.edu/~esteng/images_for_hit/COCO_train2014_000000399147.jpg""","""What fruit is closest to the camera?""",399147005,"[[{""id"":""g0.7"",""content"":""pears""}],[{""id"":""g1.0"",""content"":""green""}]]","[""What fruit is closest to the camera possibly?"",""What fruit color is closest to the camera?""]",true,value,"[""skip"", ""~"", ""A/K            ""]",jgualla1
516023,727,jimena_test_for_annotator_uncertainty,Thu Jun 23 18:57:09 UTC 2022,1,86400,24750,129,Fri Jun 24 18:21:06 UTC 2022,Fri Jun 24 18:21:43 UTC 2022,37,"[[{""id"": ""g0.0"", ""content"": ""minimalist""}], [{""id"": ""g1.7"", ""content"": ""beige""}]]","[""What color theme is this room' style?"", ""What color theme is this room possibly?""]","""https://cs.jhu.edu/~esteng/images_for_hit/COCO_train2014_000000214848.jpg""","""What color theme is this room?""",214848002,"[[{""id"":""g0.0"",""content"":""minimalist""}],[{""id"":""g1.7"",""content"":""beige""}]]","[""What color theme is this room' style?"",""What color theme is this room possibly?""]",true,value,"[""skip"", ""~"", ""~ (color theme). A/M ""]",jgualla1
516024,727,jimena_test_for_annotator_uncertainty,Thu Jun 23 18:57:09 UTC 2022,1,86400,24751,129,Fri Jun 24 18:21:43 UTC 2022,Fri Jun 24 18:21:54 UTC 2022,11,"[[{""id"": ""g0.6"", ""content"": ""peas and cucumbers""}], [{""id"": ""g1.1"", ""content"": ""plate on left""}]]","[""What are these vegetables?"", ""Where is one of these are vegetables?""]","""https://cs.jhu.edu/~esteng/images_for_hit/COCO_train2014_000000289140.jpg""","""Which one of these are vegetables?""",289140004,"[[{""id"":""g0.6"",""content"":""peas and cucumbers""}],[{""id"":""g1.1"",""content"":""plate on left""}]]","[""What are these vegetables?"",""Where is one of these are vegetables?""]",true,value,"[""skip"", ""~"", ""A/L. A/M ""]",jgualla1
516029,727,jimena_test_for_annotator_uncertainty,Thu Jun 23 18:57:09 UTC 2022,1,86400,24756,129,Fri Jun 24 18:23:17 UTC 2022,Fri Jun 24 18:23:26 UTC 2022,9,"[[{""id"": ""g0.5"", ""content"": ""octagon""}], [{""id"": ""g1.0"", ""content"": ""tiles""}]]","[""What design shape is on the floor?"", ""What design material is on the floor?""]","""https://cs.jhu.edu/~esteng/images_for_hit/COCO_train2014_000000366001.jpg""","""What design is on the floor?""",366001010,"[[{""id"":""g0.5"",""content"":""octagon""}],[{""id"":""g1.0"",""content"":""tiles""}]]","[""What design shape is on the floor?"",""What design material is on the floor?""]",true,value,"[""skip"", ""~"", ""A/M          ""]",jgualla1
516030,727,jimena_test_for_annotator_uncertainty,Thu Jun 23 18:57:09 UTC 2022,1,86400,24757,129,Fri Jun 24 18:23:26 UTC 2022,Fri Jun 24 18:23:48 UTC 2022,22,"[[{""id"": ""g0.5"", ""content"": ""receiving""}], [{""id"": ""g1.0"", ""content"": ""posing""}], [{""id"": ""g2.0"", ""content"": ""tennis""}], [{""id"": ""g3.0"", ""content"": ""sports""}]]","[""What action is the man to the far right doing with his bat?"", ""What is the man to the far right doing with his bat and stance?"", ""What is the sport the man to the far right doing with his bat?"", ""What category of activity is the man to the far right doing with his bat?""]","""https://cs.jhu.edu/~esteng/images_for_hit/COCO_train2014_000000384034.jpg""","""What is the man to the far right doing with his bat?""",384034004,"[[{""id"":""g0.5"",""content"":""receiving""}],[{""id"":""g1.0"",""content"":""posing""}],[{""id"":""g2.0"",""content"":""tennis""}],[{""id"":""g3.0"",""content"":""sports""}]]","[""What action is the man to the far right doing with his bat?"",""What is the man to the far right doing with his bat and stance?"",""What is the sport the man to the far right doing with his bat?"",""What category of activity is the man to the far right doing with his bat?""]",true,value,"[""skip"", ""~"", ""A/M          ""]",jgualla1
515766,727,jimena_test_for_annotator_uncertainty,Thu Jun 23 18:57:09 UTC 2022,1,86400,24493,129,Fri Jun 24 15:52:40 UTC 2022,Fri Jun 24 15:59:40 UTC 2022,420,"[[{""id"": ""g0.0"", ""content"": ""surfboard""}], [{""id"": ""g1.1"", ""content"": ""driftwood""}], [{""id"": ""g2.2"", ""content"": ""tree trunk""}]]","[""What kind of processed wood can you see?"", ""What kind of dead unprocessed wood can you see?"", ""What kind of living wood can you see?""]","""https://cs.jhu.edu/~esteng/images_for_hit/COCO_train2014_000000179886.jpg""","""What kind of wood can you see?""",179886002,"[[{""id"":""g0.0"",""content"":""surfboard""}],[{""id"":""g1.1"",""content"":""driftwood""}],[{""id"":""g2.2"",""content"":""tree trunk""}]]","[""What kind of processed wood can you see?"",""What kind of dead unprocessed wood can you see?"",""What kind of living wood can you see?""]",true,value,"[""A/M.A/K"", ""A/M.A/D"", ""A/K. A/D""]",jgualla1
515769,727,jimena_test_for_annotator_uncertainty,Thu Jun 23 18:57:09 UTC 2022,1,86400,24496,129,Fri Jun 24 16:02:15 UTC 2022,Fri Jun 24 16:03:21 UTC 2022,66,"[[{""id"": ""g0.5"", ""content"": ""power for electrical trains""}], [{""id"": ""g1.0"", ""content"": ""trains""}], [{""id"": ""g2.1"", ""content"": ""tower wires""}]]","[""What are the wires overhead used for?"", ""What are the wires overhead for?"", ""What are the wires overhead called?""]","""https://cs.jhu.edu/~esteng/images_for_hit/COCO_train2014_000000434943.jpg""","""What are the wires overhead?""",434943002,"[[{""id"":""g0.5"",""content"":""power for electrical trains""}],[{""id"":""g1.0"",""content"":""trains""}],[{""id"":""g2.1"",""content"":""tower wires""}]]","[""What are the wires overhead used for?"",""What are the wires overhead for?"",""What are the wires overhead called?""]",true,value,"[""A/K.A/P"", ""A/K.A/D"", ""A/D. A/K. ""]",jgualla1
515782,727,jimena_test_for_annotator_uncertainty,Thu Jun 23 18:57:09 UTC 2022,1,86400,24509,129,Fri Jun 24 16:14:51 UTC 2022,Fri Jun 24 16:15:15 UTC 2022,24,"[[{""id"": ""g0.3"", ""content"": ""fire""}], [{""id"": ""g1.0"", ""content"": ""abandoned gas station""}]]","[""For what purpose is the hydraulic pump on the street?"", ""Where is the hydraulic pump on the street?""]","""https://cs.jhu.edu/~esteng/images_for_hit/COCO_train2014_000000222006.jpg""","""Why is the hydraulic pump on the street?""",222006012,"[[{""id"":""g0.3"",""content"":""fire""}],[{""id"":""g1.0"",""content"":""abandoned gas station""}]]","[""For what purpose is the hydraulic pump on the street?"",""Where is the hydraulic pump on the street?""]",true,value,"[""A/P.A/C"", ""A/D"", ""A/D        ""]",jgualla1
515783,727,jimena_test_for_annotator_uncertainty,Thu Jun 23 18:57:09 UTC 2022,1,86400,24510,129,Fri Jun 24 16:15:15 UTC 2022,Fri Jun 24 16:15:28 UTC 2022,13,"[[{""id"": ""g0.4"", ""content"": ""person at left""}], [{""id"": ""g1.3"", ""content"": ""jumping one""}]]","[""Where is the person the frisbee being thrown at?"", ""Which person is the frisbee being thrown at identified as?""]","""https://cs.jhu.edu/~esteng/images_for_hit/COCO_train2014_000000438833.jpg""","""Which person is the frisbee being thrown at?""",438833000,"[[{""id"":""g0.4"",""content"":""person at left""}],[{""id"":""g1.3"",""content"":""jumping one""}]]","[""Where is the person the frisbee being thrown at?"",""Which person is the frisbee being thrown at identified as?""]",true,value,"[""A/G"", ""skip"", ""A/D        ""]",jgualla1
515790,727,jimena_test_for_annotator_uncertainty,Thu Jun 23 18:57:09 UTC 2022,1,86400,24517,129,Fri Jun 24 16:21:38 UTC 2022,Fri Jun 24 16:21:46 UTC 2022,8,"[[{""id"": ""g0.1"", ""content"": ""engines""}], [{""id"": ""g1.3"", ""content"": ""low""}], [{""id"": ""g2.1"", ""content"": ""in air""}]]","[""How is the plane flying possible?"", ""How high is the plane flying?"", ""Where is the plane flying?""]","""https://cs.jhu.edu/~esteng/images_for_hit/COCO_train2014_000000014707.jpg""","""How is the plane flying?""",14707007,"[[{""id"":""g0.1"",""content"":""engines""}],[{""id"":""g1.3"",""content"":""low""}],[{""id"":""g2.1"",""content"":""in air""}]]","[""How is the plane flying possible?"",""How high is the plane flying?"",""Where is the plane flying?""]",true,value,"[""A/C.A/N"", ""~"", ""A/L. A/D  ""]",jgualla1
515799,727,jimena_test_for_annotator_uncertainty,Thu Jun 23 18:57:09 UTC 2022,1,86400,24526,129,Fri Jun 24 16:22:38 UTC 2022,Fri Jun 24 16:22:44 UTC 2022,6,"[[{""id"": ""g0.6"", ""content"": ""station""}], [{""id"": ""g1.1"", ""content"": ""around corner""}]]","[""Where is this bus going possibly?"", ""Which direction is this bus going ?""]","""https://cs.jhu.edu/~esteng/images_for_hit/COCO_train2014_000000444235.jpg""","""Where is this bus going?""",444235000,"[[{""id"":""g0.6"",""content"":""station""}],[{""id"":""g1.1"",""content"":""around corner""}]]","[""Where is this bus going possibly?"",""Which direction is this bus going ?""]",true,value,"[""A/G"", ""A/D"", ""A/D    ""]",jgualla1
515807,727,jimena_test_for_annotator_uncertainty,Thu Jun 23 18:57:09 UTC 2022,1,86400,24534,129,Fri Jun 24 16:23:59 UTC 2022,Fri Jun 24 16:24:08 UTC 2022,9,"[[{""id"": ""g0.5"", ""content"": ""5th avenue""}], [{""id"": ""g1.0"", ""content"": ""south""}], [{""id"": ""g2.0"", ""content"": ""lgbt pride""}]]","[""Which street is the bus going to?"", ""Which direction is the bus going?"", ""What is the bus going to advertise?""]","""https://cs.jhu.edu/~esteng/images_for_hit/COCO_train2014_000000443667.jpg""","""Where is the bus going?""",443667009,"[[{""id"":""g0.5"",""content"":""5th avenue""}],[{""id"":""g1.0"",""content"":""south""}],[{""id"":""g2.0"",""content"":""lgbt pride""}]]","[""Which street is the bus going to?"",""Which direction is the bus going?"",""What is the bus going to advertise?""]",true,value,"[""A/G"", ""A/D"", ""A/D             ""]",jgualla1
515812,727,jimena_test_for_annotator_uncertainty,Thu Jun 23 18:57:09 UTC 2022,1,86400,24539,129,Fri Jun 24 16:24:51 UTC 2022,Fri Jun 24 16:25:15 UTC 2022,24,"[[{""id"": ""g0.2"", ""content"": ""other part is behind hydrant""}], [{""id"": ""g1.0"", ""content"": ""engine""}], [{""id"": ""g2.3"", ""content"": ""all parts""}], [{""id"": ""g3.0"", ""content"": ""big""}]]","[""Why is only part of the motorcycle visible not blocked by?"", ""What is only part of the motorcycle visible?"", ""Which is the only part of the motorcycle visible?"", ""Why is only part of the motorcycle visible in the photo?""]","""https://cs.jhu.edu/~esteng/images_for_hit/COCO_train2014_000000169763.jpg""","""Why is only part of the motorcycle visible?""",169763007,"[[{""id"":""g0.2"",""content"":""other part is behind hydrant""}],[{""id"":""g1.0"",""content"":""engine""}],[{""id"":""g2.3"",""content"":""all parts""}],[{""id"":""g3.0"",""content"":""big""}]]","[""Why is only part of the motorcycle visible not blocked by?"",""What is only part of the motorcycle visible?"",""Which is the only part of the motorcycle visible?"",""Why is only part of the motorcycle visible in the photo?""]",true,value,"[""A/C"", ""~"", ""A/M. ~ (reasons maybe should be their own category)""]",jgualla1
515816,727,jimena_test_for_annotator_uncertainty,Thu Jun 23 18:57:09 UTC 2022,1,86400,24543,129,Fri Jun 24 16:25:36 UTC 2022,Fri Jun 24 16:25:42 UTC 2022,6,"[[{""id"": ""g0.0"", ""content"": ""decoration""}], [{""id"": ""g1.6"", ""content"": ""propeller""}]]","[""What kind of plane is it used for?"", ""What kind of  plane is it known by?""]","""https://cs.jhu.edu/~esteng/images_for_hit/COCO_train2014_000000429319.jpg""","""What kind of plane is it?""",429319011,"[[{""id"":""g0.0"",""content"":""decoration""}],[{""id"":""g1.6"",""content"":""propeller""}]]","[""What kind of plane is it used for?"",""What kind of  plane is it known by?""]",true,value,"[""A/K.A/P"", ""A/K"", ""A/K. A/D   ""]",jgualla1
515825,727,jimena_test_for_annotator_uncertainty,Thu Jun 23 18:57:09 UTC 2022,1,86400,24552,129,Fri Jun 24 16:27:23 UTC 2022,Fri Jun 24 16:27:41 UTC 2022,18,"[[{""id"": ""g0.4"", ""content"": ""cars moving""}], [{""id"": ""g1.3"", ""content"": ""picture type""}]]","[""Why are the lights blurred so much?"", ""What causes the lights to be blurred?""]","""https://cs.jhu.edu/~esteng/images_for_hit/COCO_train2014_000000420496.jpg""","""Why are the lights blurred?""",420496002,"[[{""id"":""g0.4"",""content"":""cars moving""}],[{""id"":""g1.3"",""content"":""picture type""}]]","[""Why are the lights blurred so much?"",""What causes the lights to be blurred?""]",true,value,"[""A/C"", ""~"", ""~ (reason might be different) ""]",jgualla1
515827,727,jimena_test_for_annotator_uncertainty,Thu Jun 23 18:57:09 UTC 2022,1,86400,24554,129,Fri Jun 24 16:27:52 UTC 2022,Fri Jun 24 16:28:08 UTC 2022,16,"[[{""id"": ""g0.3"", ""content"": ""for someone to hold onto for support""}], [{""id"": ""g1.1"", ""content"": ""handlebar""}], [{""id"": ""g2.1"", ""content"": ""bus""}], [{""id"": ""g3.0"", ""content"": ""handheld""}]]","[""What is is the a silver bar used for?"", ""What is the a silver bar?"", ""What does the a silver bar from?"", ""How is the a silver bar used?""]","""https://cs.jhu.edu/~esteng/images_for_hit/COCO_train2014_000000181009.jpg""","""Why is there a silver bar?""",181009000,"[[{""id"":""g0.3"",""content"":""for someone to hold onto for support""}],[{""id"":""g1.1"",""content"":""handlebar""}],[{""id"":""g2.1"",""content"":""bus""}],[{""id"":""g3.0"",""content"":""handheld""}]]","[""What is is the a silver bar used for?"",""What is the a silver bar?"",""What does the a silver bar from?"",""How is the a silver bar used?""]",true,value,"[""A/C.A/D.A/P"", ""A/D"", ""A/D. ~ (reason) ""]",jgualla1
515828,727,jimena_test_for_annotator_uncertainty,Thu Jun 23 18:57:09 UTC 2022,1,86400,24555,129,Fri Jun 24 16:28:08 UTC 2022,Fri Jun 24 16:28:19 UTC 2022,11,"[[{""id"": ""g0.4"", ""content"": ""it's vegetable""}], [{""id"": ""g1.0"", ""content"": ""cold""}], [{""id"": ""g2.1"", ""content"": ""photosynthesis""}], [{""id"": ""g3.0"", ""content"": ""garden""}]]","[""What is this blue and green stuff?"", ""What temperature causes this blue and green?"", ""What causes this this blue and green in science?"", ""What is this blue and green photo of?""]","""https://cs.jhu.edu/~esteng/images_for_hit/COCO_train2014_000000363570.jpg""","""Why is this blue and green?""",363570002,"[[{""id"":""g0.4"",""content"":""it's vegetable""}],[{""id"":""g1.0"",""content"":""cold""}],[{""id"":""g2.1"",""content"":""photosynthesis""}],[{""id"":""g3.0"",""content"":""garden""}]]","[""What is this blue and green stuff?"",""What temperature causes this blue and green?"",""What causes this this blue and green in science?"",""What is this blue and green photo of?""]",true,value,"[""A/C"", ""~"", ""A/D. ~ (reason)  ""]",jgualla1
515847,727,jimena_test_for_annotator_uncertainty,Thu Jun 23 18:57:09 UTC 2022,1,86400,24574,129,Fri Jun 24 16:31:29 UTC 2022,Fri Jun 24 16:31:39 UTC 2022,10,"[[{""id"": ""g0.1"", ""content"": ""green""}], [{""id"": ""g1.3"", ""content"": ""tourist""}], [{""id"": ""g2.0"", ""content"": ""japanese""}]]","[""Which bus color is it?"", ""For which purpose is the bus?"", ""Which country made the bus?""]","""https://cs.jhu.edu/~esteng/images_for_hit/COCO_train2014_000000032809.jpg""","""Which bus it is?""",32809001,"[[{""id"":""g0.1"",""content"":""green""}],[{""id"":""g1.3"",""content"":""tourist""}],[{""id"":""g2.0"",""content"":""japanese""}]]","[""Which bus color is it?"",""For which purpose is the bus?"",""Which country made the bus?""]",true,value,"[""A/P.A/K"", ""~"", ""A/K      ""]",jgualla1
515848,727,jimena_test_for_annotator_uncertainty,Thu Jun 23 18:57:09 UTC 2022,1,86400,24575,129,Fri Jun 24 16:31:39 UTC 2022,Fri Jun 24 16:31:50 UTC 2022,11,"[[{""id"": ""g0.5"", ""content"": ""bikes""}], [{""id"": ""g1.1"", ""content"": ""for safety""}]]","[""What causes the people to wear helmets?"", ""For what reason are the people wearing helmets?""]","""https://cs.jhu.edu/~esteng/images_for_hit/COCO_train2014_000000034815.jpg""","""Why are the people wearing helmets?""",34815002,"[[{""id"":""g0.5"",""content"":""bikes""}],[{""id"":""g1.1"",""content"":""for safety""}]]","[""What causes the people to wear helmets?"",""For what reason are the people wearing helmets?""]",true,value,"[""A/C.A/P"", ""A/D"", ""A/D    ""]",jgualla1
515857,727,jimena_test_for_annotator_uncertainty,Thu Jun 23 18:57:09 UTC 2022,1,86400,24584,129,Fri Jun 24 16:37:34 UTC 2022,Fri Jun 24 16:37:43 UTC 2022,9,"[[{""id"": ""g0.6"", ""content"": ""they're birthday cakes""}], [{""id"": ""g1.0"", ""content"": ""competition""}]]","[""What makes all these cakes look like they belong to children?"", ""Why do all these cakes look like they belong to children's contest?""]","""https://cs.jhu.edu/~esteng/images_for_hit/COCO_train2014_000000493732.jpg""","""Why do all these cakes look like they belong to children?""",493732001,"[[{""id"":""g0.6"",""content"":""they're birthday cakes""}],[{""id"":""g1.0"",""content"":""competition""}]]","[""What makes all these cakes look like they belong to children?"",""Why do all these cakes look like they belong to children's contest?""]",true,value,"[""A/C"", ""~"", ""A/D (~ reason) ""]",jgualla1
515858,727,jimena_test_for_annotator_uncertainty,Thu Jun 23 18:57:09 UTC 2022,1,86400,24585,129,Fri Jun 24 16:37:43 UTC 2022,Fri Jun 24 16:37:53 UTC 2022,10,"[[{""id"": ""g0.2"", ""content"": ""bikes""}], [{""id"": ""g1.1"", ""content"": ""cookout""}], [{""id"": ""g2.2"", ""content"": ""racing""}], [{""id"": ""g3.1"", ""content"": ""it's fun""}]]","[""For what object are people gathered here?"", ""Why are people gathered here with food?"", ""Why are people needing to gathered here?"", ""Why are people gathered here smiling?""]","""https://cs.jhu.edu/~esteng/images_for_hit/COCO_train2014_000000365314.jpg""","""Why are people gathered here?""",365314011,"[[{""id"":""g0.2"",""content"":""bikes""}],[{""id"":""g1.1"",""content"":""cookout""}],[{""id"":""g2.2"",""content"":""racing""}],[{""id"":""g3.1"",""content"":""it's fun""}]]","[""For what object are people gathered here?"",""Why are people gathered here with food?"",""Why are people needing to gathered here?"",""Why are people gathered here smiling?""]",true,value,"[""A/D.A/P.A/C"", ""A/D"", ""A/D    ""]",jgualla1
515859,727,jimena_test_for_annotator_uncertainty,Thu Jun 23 18:57:09 UTC 2022,1,86400,24586,129,Fri Jun 24 16:37:53 UTC 2022,Fri Jun 24 16:37:59 UTC 2022,6,"[[{""id"": ""g0.1"", ""content"": ""it's backwards""}], [{""id"": ""g1.1"", ""content"": ""dimmer""}], [{""id"": ""g2.1"", ""content"": ""man and building on glass""}]]","[""How can writing tell you this is a reflection ?"", ""What tells you this is a reflection?"", ""How can you tell this is a reflection in a window?""]","""https://cs.jhu.edu/~esteng/images_for_hit/COCO_train2014_000000103936.jpg""","""How can you tell this is a reflection?""",103936001,"[[{""id"":""g0.1"",""content"":""it's backwards""}],[{""id"":""g1.1"",""content"":""dimmer""}],[{""id"":""g2.1"",""content"":""man and building on glass""}]]","[""How can writing tell you this is a reflection ?"",""What tells you this is a reflection?"",""How can you tell this is a reflection in a window?""]",true,value,"[""A/C"", ""~"", ""~ (reason) ""]",jgualla1
515888,727,jimena_test_for_annotator_uncertainty,Thu Jun 23 18:57:09 UTC 2022,1,86400,24615,129,Fri Jun 24 16:43:49 UTC 2022,Fri Jun 24 16:44:05 UTC 2022,16,"[[{""id"": ""g0.1"", ""content"": ""hit home run""}], [{""id"": ""g1.4"", ""content"": ""his team won""}]]","[""Why is the player celebrating his hit?"", ""Why is the player celebrating at the end of the game?""]","""https://cs.jhu.edu/~esteng/images_for_hit/COCO_train2014_000000149739.jpg""","""Why is the player celebrating?""",149739002,"[[{""id"":""g0.1"",""content"":""hit home run""}],[{""id"":""g1.4"",""content"":""his team won""}]]","[""Why is the player celebrating his hit?"",""Why is the player celebrating at the end of the game?""]",true,value,"[""A/C"", ""~"", ""~ (reason) ""]",jgualla1
515902,727,jimena_test_for_annotator_uncertainty,Thu Jun 23 18:57:09 UTC 2022,1,86400,24629,129,Fri Jun 24 16:51:07 UTC 2022,Fri Jun 24 16:51:19 UTC 2022,12,"[[{""id"": ""g0.3"", ""content"": ""apartments""}], [{""id"": ""g1.2"", ""content"": ""office""}]]","[""What is the purpose of this residential structure?"", ""What is the purpose of this commercial structure?""]","""https://cs.jhu.edu/~esteng/images_for_hit/COCO_train2014_000000303892.jpg""","""What is the purpose of this structure?""",303892002,"[[{""id"":""g0.3"",""content"":""apartments""}],[{""id"":""g1.2"",""content"":""office""}]]","[""What is the purpose of this residential structure?"",""What is the purpose of this commercial structure?""]",true,value,"[""A/P"", ""A/D"", ""A/D    ""]",jgualla1
515905,727,jimena_test_for_annotator_uncertainty,Thu Jun 23 18:57:09 UTC 2022,1,86400,24632,129,Fri Jun 24 16:51:41 UTC 2022,Fri Jun 24 16:51:56 UTC 2022,15,"[[{""id"": ""g0.1"", ""content"": ""at woman next to her""}], [{""id"": ""g1.3"", ""content"": ""to right""}]]","[""Who is the woman staring at?"", ""What direction is the woman staring?""]","""https://cs.jhu.edu/~esteng/images_for_hit/COCO_train2014_000000297043.jpg""","""Where is the woman staring?""",297043005,"[[{""id"":""g0.1"",""content"":""at woman next to her""}],[{""id"":""g1.3"",""content"":""to right""}]]","[""Who is the woman staring at?"",""What direction is the woman staring?""]",true,value,"[""A/G"", ""D.A/L"", ""A/D    ""]",jgualla1
515908,727,jimena_test_for_annotator_uncertainty,Thu Jun 23 18:57:09 UTC 2022,1,86400,24635,129,Fri Jun 24 16:52:42 UTC 2022,Fri Jun 24 16:53:06 UTC 2022,24,"[[{""id"": ""g0.5"", ""content"": ""to look at""}], [{""id"": ""g1.0"", ""content"": ""family""}], [{""id"": ""g2.0"", ""content"": ""photo album""}], [{""id"": ""g3.0"", ""content"": ""personal""}]]","[""What are the pictures for possibly?"", ""What are the pictures of?"", ""What do the pictures comprise?"", ""Who are the pictures of?""]","""https://cs.jhu.edu/~esteng/images_for_hit/COCO_train2014_000000031587.jpg""","""What are the pictures for?""",31587003,"[[{""id"":""g0.5"",""content"":""to look at""}],[{""id"":""g1.0"",""content"":""family""}],[{""id"":""g2.0"",""content"":""photo album""}],[{""id"":""g3.0"",""content"":""personal""}]]","[""What are the pictures for possibly?"",""What are the pictures of?"",""What do the pictures comprise?"",""Who are the pictures of?""]",true,value,"[""A/P.A/G"", ""A/D"", ""A/D    ""]",jgualla1
515918,727,jimena_test_for_annotator_uncertainty,Thu Jun 23 18:57:09 UTC 2022,1,86400,24645,129,Fri Jun 24 16:55:54 UTC 2022,Fri Jun 24 16:56:08 UTC 2022,14,"[[{""id"": ""g0.5"", ""content"": ""resting""}], [{""id"": ""g1.0"", ""content"": ""circus""}]]","[""Why are the elephant lying down possibly?"", ""Where are the elephant lying down?""]","""https://cs.jhu.edu/~esteng/images_for_hit/COCO_train2014_000000440511.jpg""","""Why are the elephant lying down?""",440511000,"[[{""id"":""g0.5"",""content"":""resting""}],[{""id"":""g1.0"",""content"":""circus""}]]","[""Why are the elephant lying down possibly?"",""Where are the elephant lying down?""]",true,value,"[""A/C"", ""~"", ""A/D.~ (reason) ""]",jgualla1
515924,727,jimena_test_for_annotator_uncertainty,Thu Jun 23 18:57:09 UTC 2022,1,86400,24651,129,Fri Jun 24 16:57:08 UTC 2022,Fri Jun 24 16:57:16 UTC 2022,8,"[[{""id"": ""g0.6"", ""content"": ""matching""}], [{""id"": ""g1.0"", ""content"": ""shirts""}], [{""id"": ""g2.0"", ""content"": ""summertime""}], [{""id"": ""g3.0"", ""content"": ""vineyard""}]]","[""Why are they wearing white possibly?"", ""What are they wearing that is white?"", ""Which season are they wearing white?"", ""Where are they wearing white?""]","""https://cs.jhu.edu/~esteng/images_for_hit/COCO_train2014_000000310783.jpg""","""Why are they wearing white?""",310783009,"[[{""id"":""g0.6"",""content"":""matching""}],[{""id"":""g1.0"",""content"":""shirts""}],[{""id"":""g2.0"",""content"":""summertime""}],[{""id"":""g3.0"",""content"":""vineyard""}]]","[""Why are they wearing white possibly?"",""What are they wearing that is white?"",""Which season are they wearing white?"",""Where are they wearing white?""]",true,value,"[""A/C"", ""~"", ""A/D. ~ (reason)    ""]",jgualla1
515926,727,jimena_test_for_annotator_uncertainty,Thu Jun 23 18:57:09 UTC 2022,1,86400,24653,129,Fri Jun 24 16:57:23 UTC 2022,Fri Jun 24 16:57:31 UTC 2022,8,"[[{""id"": ""g0.0"", ""content"": ""dunked""}], [{""id"": ""g1.2"", ""content"": ""tease child""}], [{""id"": ""g2.2"", ""content"": ""naughty kid""}], [{""id"": ""g3.1"", ""content"": ""it is bad""}]]","[""What is happening to the bear being put in the toilet?"", ""Why might the bear be put in the toilet?"", ""Who is the bear being put in the toilet by?"", ""For what reason is the bear being put in the toilet?""]","""https://cs.jhu.edu/~esteng/images_for_hit/COCO_train2014_000000318365.jpg""","""Why is the bear being put in the toilet?""",318365001,"[[{""id"":""g0.0"",""content"":""dunked""}],[{""id"":""g1.2"",""content"":""tease child""}],[{""id"":""g2.2"",""content"":""naughty kid""}],[{""id"":""g3.1"",""content"":""it is bad""}]]","[""What is happening to the bear being put in the toilet?"",""Why might the bear be put in the toilet?"",""Who is the bear being put in the toilet by?"",""For what reason is the bear being put in the toilet?""]",true,value,"[""A/C.A/P"", ""~"", ""A/D. ~ (reason)    ""]",jgualla1
515928,727,jimena_test_for_annotator_uncertainty,Thu Jun 23 18:57:09 UTC 2022,1,86400,24655,129,Fri Jun 24 16:58:02 UTC 2022,Fri Jun 24 16:58:09 UTC 2022,7,"[[{""id"": ""g0.6"", ""content"": ""privacy""}], [{""id"": ""g1.1"", ""content"": ""windows""}]]","[""What is the reason that the openings in the structure are so small possibly?"", ""What is the reason for the openings in the structure are so small?""]","""https://cs.jhu.edu/~esteng/images_for_hit/COCO_train2014_000000323182.jpg""","""What is the reason that the openings in the structure are so small?""",323182003,"[[{""id"":""g0.6"",""content"":""privacy""}],[{""id"":""g1.1"",""content"":""windows""}]]","[""What is the reason that the openings in the structure are so small possibly?"",""What is the reason for the openings in the structure are so small?""]",true,value,"[""A/P.A/C"", ""~"", ""A/D. ~(reason) ""]",jgualla1
515929,727,jimena_test_for_annotator_uncertainty,Thu Jun 23 18:57:09 UTC 2022,1,86400,24656,129,Fri Jun 24 16:58:09 UTC 2022,Fri Jun 24 16:58:15 UTC 2022,6,"[[{""id"": ""g0.1"", ""content"": ""used for milk""}], [{""id"": ""g1.1"", ""content"": ""captive""}], [{""id"": ""g2.0"", ""content"": ""cow""}], [{""id"": ""g3.1"", ""content"": ""pasture""}], [{""id"": ""g4.0"", ""content"": ""grazing""}]]","[""What are the animals there used for?"", ""How are the animals there regulated?"", ""What kind of animals are there?"", ""Where are the animals there located?"", ""What are the animals there doing?""]","""https://cs.jhu.edu/~esteng/images_for_hit/COCO_train2014_000000444419.jpg""","""Why are the animals there?""",444419036,"[[{""id"":""g0.1"",""content"":""used for milk""}],[{""id"":""g1.1"",""content"":""captive""}],[{""id"":""g2.0"",""content"":""cow""}],[{""id"":""g3.1"",""content"":""pasture""}],[{""id"":""g4.0"",""content"":""grazing""}]]","[""What are the animals there used for?"",""How are the animals there regulated?"",""What kind of animals are there?"",""Where are the animals there located?"",""What are the animals there doing?""]",true,value,"[""A/C.A/P"", ""~"", ""A/D ~(reason)""]",jgualla1
515932,727,jimena_test_for_annotator_uncertainty,Thu Jun 23 18:57:09 UTC 2022,1,86400,24659,129,Fri Jun 24 16:58:41 UTC 2022,Fri Jun 24 16:58:53 UTC 2022,12,"[[{""id"": ""g0.2"", ""content"": ""to left""}], [{""id"": ""g1.3"", ""content"": ""behind him""}], [{""id"": ""g2.1"", ""content"": ""west""}]]","[""Where is the animal's head looking?"", ""At what is the animal looking here?"", ""Which direction is the animal looking?""]","""https://cs.jhu.edu/~esteng/images_for_hit/COCO_train2014_000000446470.jpg""","""Where is the animal looking?""",446470003,"[[{""id"":""g0.2"",""content"":""to left""}],[{""id"":""g1.3"",""content"":""behind him""}],[{""id"":""g2.1"",""content"":""west""}]]","[""Where is the animal's head looking?"",""At what is the animal looking here?"",""Which direction is the animal looking?""]",true,value,"[""A/G"", ""A/L"", ""A/D    ""]",jgualla1
515933,727,jimena_test_for_annotator_uncertainty,Thu Jun 23 18:57:09 UTC 2022,1,86400,24660,129,Fri Jun 24 16:58:53 UTC 2022,Fri Jun 24 16:59:04 UTC 2022,11,"[[{""id"": ""g0.0"", ""content"": ""forward""}], [{""id"": ""g1.0"", ""content"": ""south""}], [{""id"": ""g2.5"", ""content"": ""city""}], [{""id"": ""g3.0"", ""content"": ""road""}]]","[""Where is the bus going in direction?"", ""Where is the bus going geographically?"", ""Where is the bus going finally?"", ""What is the bus going on?""]","""https://cs.jhu.edu/~esteng/images_for_hit/COCO_train2014_000000122902.jpg""","""Where is the bus going?""",122902000,"[[{""id"":""g0.0"",""content"":""forward""}],[{""id"":""g1.0"",""content"":""south""}],[{""id"":""g2.5"",""content"":""city""}],[{""id"":""g3.0"",""content"":""road""}]]","[""Where is the bus going in direction?"",""Where is the bus going geographically?"",""Where is the bus going finally?"",""What is the bus going on?""]",true,value,"[""A/G"", ""A/D"", ""A/D    ""]",jgualla1
515943,727,jimena_test_for_annotator_uncertainty,Thu Jun 23 18:57:09 UTC 2022,1,86400,24670,129,Fri Jun 24 17:01:08 UTC 2022,Fri Jun 24 17:01:19 UTC 2022,11,"[[{""id"": ""g0.1"", ""content"": ""right""}], [{""id"": ""g1.1"", ""content"": ""at 5""}], [{""id"": ""g2.2"", ""content"": ""east""}]]","[""What directional way is the arrow pointing?"", ""What number direction is the arrow pointing?"", ""What compass direction is the arrow pointing?""]","""https://cs.jhu.edu/~esteng/images_for_hit/COCO_train2014_000000438755.jpg""","""What direction is the arrow pointing?""",438755011,"[[{""id"":""g0.1"",""content"":""right""}],[{""id"":""g1.1"",""content"":""at 5""}],[{""id"":""g2.2"",""content"":""east""}]]","[""What directional way is the arrow pointing?"",""What number direction is the arrow pointing?"",""What compass direction is the arrow pointing?""]",true,value,"[""A/G"", ""A/L"", ""A/D    ""]",jgualla1
515950,727,jimena_test_for_annotator_uncertainty,Thu Jun 23 18:57:09 UTC 2022,1,86400,24677,129,Fri Jun 24 17:02:45 UTC 2022,Fri Jun 24 17:03:12 UTC 2022,27,"[[{""id"": ""g0.2"", ""content"": ""there is 2""}], [{""id"": ""g1.1"", ""content"": ""there is mirror""}], [{""id"": ""g2.0"", ""content"": ""pizza""}]]","[""Why is everything double possibly?"", ""What makes everything double?"", ""What food is doubled?""]","""https://cs.jhu.edu/~esteng/images_for_hit/COCO_train2014_000000046353.jpg""","""Why is everything double?""",46353006,"[[{""id"":""g0.2"",""content"":""there is 2""}],[{""id"":""g1.1"",""content"":""there is mirror""}],[{""id"":""g2.0"",""content"":""pizza""}]]","[""Why is everything double possibly?"",""What makes everything double?"",""What food is doubled?""]",true,value,"[""A/C"", ""M/A.~"", ""A/D. ~ (reason) ""]",jgualla1
515961,727,jimena_test_for_annotator_uncertainty,Thu Jun 23 18:57:09 UTC 2022,1,86400,24688,129,Fri Jun 24 18:05:53 UTC 2022,Fri Jun 24 18:06:16 UTC 2022,23,"[[{""id"": ""g0.3"", ""content"": ""bruises""}], [{""id"": ""g1.0"", ""content"": ""stem""}]]","[""Why are there brown spots on the bananas here?"", ""Where are the brown spots on the bananas?""]","""https://cs.jhu.edu/~esteng/images_for_hit/COCO_train2014_000000473372.jpg""","""Why are there brown spots on the bananas?""",473372006,"[[{""id"":""g0.3"",""content"":""bruises""}],[{""id"":""g1.0"",""content"":""stem""}]]","[""Why are there brown spots on the bananas here?"",""Where are the brown spots on the bananas?""]",true,value,"[""A/M.A/C"", ""~"", ""A/M. ~ (reason) ""]",jgualla1
515974,727,jimena_test_for_annotator_uncertainty,Thu Jun 23 18:57:09 UTC 2022,1,86400,24701,129,Fri Jun 24 18:08:43 UTC 2022,Fri Jun 24 18:09:15 UTC 2022,32,"[[{""id"": ""g0.2"", ""content"": ""to tie off""}], [{""id"": ""g1.1"", ""content"": ""stability""}]]","[""When are there coils of rope on the boat used?"", ""What can the coils of rope on the boat be used for?""]","""https://cs.jhu.edu/~esteng/images_for_hit/COCO_train2014_000000480005.jpg""","""Why are there coils of rope on the boat?""",480005002,"[[{""id"":""g0.2"",""content"":""to tie off""}],[{""id"":""g1.1"",""content"":""stability""}]]","[""When are there coils of rope on the boat used?"",""What can the coils of rope on the boat be used for?""]",true,value,"[""A/C.A/P"", ""A/D"", ""A/D . ~ (reason) ""]",jgualla1
515975,727,jimena_test_for_annotator_uncertainty,Thu Jun 23 18:57:09 UTC 2022,1,86400,24702,129,Fri Jun 24 18:09:15 UTC 2022,Fri Jun 24 18:09:45 UTC 2022,30,"[[{""id"": ""g0.2"", ""content"": ""cars must stop""}], [{""id"": ""g1.1"", ""content"": ""for traffic""}], [{""id"": ""g2.2"", ""content"": ""it's at intersection""}]]","[""What does this sign say?"", ""Why does this sign say stop here?"", ""Where does this sign say stop?""]","""https://cs.jhu.edu/~esteng/images_for_hit/COCO_train2014_000000347177.jpg""","""Why does this sign say stop?""",347177004,"[[{""id"":""g0.2"",""content"":""cars must stop""}],[{""id"":""g1.1"",""content"":""for traffic""}],[{""id"":""g2.2"",""content"":""it's at intersection""}]]","[""What does this sign say?"",""Why does this sign say stop here?"",""Where does this sign say stop?""]",true,value,"[""A/P.A/C.A/G"", ""~"", ""A/M.A/D.~(symbolic) ""]",jgualla1
515979,727,jimena_test_for_annotator_uncertainty,Thu Jun 23 18:57:09 UTC 2022,1,86400,24706,129,Fri Jun 24 18:10:11 UTC 2022,Fri Jun 24 18:10:21 UTC 2022,10,"[[{""id"": ""g0.0"", ""content"": ""left""}], [{""id"": ""g1.6"", ""content"": ""motorcycle tail light""}], [{""id"": ""g2.0"", ""content"": ""red""}]]","[""Where directionally is the tail light of the automobile leaving a trail in the photo?"", ""What is causing the tail light of the automobile leaving a trail?"", ""What is the tail light color of the automobile leaving a trail?""]","""https://cs.jhu.edu/~esteng/images_for_hit/COCO_train2014_000000482505.jpg""","""What is the tail light of the automobile leaving a trail?""",482505002,"[[{""id"":""g0.0"",""content"":""left""}],[{""id"":""g1.6"",""content"":""motorcycle tail light""}],[{""id"":""g2.0"",""content"":""red""}]]","[""Where directionally is the tail light of the automobile leaving a trail in the photo?"",""What is causing the tail light of the automobile leaving a trail?"",""What is the tail light color of the automobile leaving a trail?""]",true,value,"[""A/C.A/K"", ""skip"", ""~ (reason) ""]",jgualla1
515994,727,jimena_test_for_annotator_uncertainty,Thu Jun 23 18:57:09 UTC 2022,1,86400,24721,129,Fri Jun 24 18:14:44 UTC 2022,Fri Jun 24 18:14:54 UTC 2022,10,"[[{""id"": ""g0.6"", ""content"": ""dirt""}], [{""id"": ""g1.2"", ""content"": ""stay on course""}]]","[""What causes the snow to be red at some parts?"", ""Whatis the purpose for the snow red at some parts?""]","""https://cs.jhu.edu/~esteng/images_for_hit/COCO_train2014_000000010015.jpg""","""Why is the snow red at some parts?""",10015002,"[[{""id"":""g0.6"",""content"":""dirt""}],[{""id"":""g1.2"",""content"":""stay on course""}]]","[""What causes the snow to be red at some parts?"",""Whatis the purpose for the snow red at some parts?""]",true,value,"[""A/C.A/P"", ""~"", ""~ (reason) ""]",jgualla1
515995,727,jimena_test_for_annotator_uncertainty,Thu Jun 23 18:57:09 UTC 2022,1,86400,24722,129,Fri Jun 24 18:14:55 UTC 2022,Fri Jun 24 18:15:13 UTC 2022,18,"[[{""id"": ""g0.7"", ""content"": ""valentine's day""}], [{""id"": ""g1.0"", ""content"": ""store""}]]","[""Why did they get flowers possibly?"", ""Where did they get flowers?""]","""https://cs.jhu.edu/~esteng/images_for_hit/COCO_train2014_000000260135.jpg""","""Why did they get flowers?""",260135001,"[[{""id"":""g0.7"",""content"":""valentine's day""}],[{""id"":""g1.0"",""content"":""store""}]]","[""Why did they get flowers possibly?"",""Where did they get flowers?""]",true,value,"[""A/C.A/P.M/A"", ""A/D"", ""~ (reason) ""]",jgualla1
516001,727,jimena_test_for_annotator_uncertainty,Thu Jun 23 18:57:09 UTC 2022,1,86400,24728,129,Fri Jun 24 18:16:00 UTC 2022,Fri Jun 24 18:16:39 UTC 2022,39,"[[{""id"": ""g0.3"", ""content"": ""work""}], [{""id"": ""g1.0"", ""content"": ""internet""}], [{""id"": ""g2.4"", ""content"": ""provide light""}]]","[""How is the object on the table used?"", ""What does the object on the table access?"", ""What does the object on the table do in room?""]","""https://cs.jhu.edu/~esteng/images_for_hit/COCO_train2014_000000363326.jpg""","""What does the object on the table do?""",363326001,"[[{""id"":""g0.3"",""content"":""work""}],[{""id"":""g1.0"",""content"":""internet""}],[{""id"":""g2.4"",""content"":""provide light""}]]","[""How is the object on the table used?"",""What does the object on the table access?"",""What does the object on the table do in room?""]",true,value,"[""A/P.A/M"", ""A/D"", ""A/M.A/D ""]",jgualla1
516016,727,jimena_test_for_annotator_uncertainty,Thu Jun 23 18:57:09 UTC 2022,1,86400,24743,129,Fri Jun 24 18:19:45 UTC 2022,Fri Jun 24 18:20:00 UTC 2022,15,"[[{""id"": ""g0.7"", ""content"": ""don't get hit by ball""}], [{""id"": ""g1.0"", ""content"": ""baseball""}], [{""id"": ""g2.0"", ""content"": ""ball""}]]","[""What purpose is the netting for?"", ""What sport is the netting for?"", ""What is the netting for catching?""]","""https://cs.jhu.edu/~esteng/images_for_hit/COCO_train2014_000000218116.jpg""","""What is the netting for?""",218116000,"[[{""id"":""g0.7"",""content"":""don't get hit by ball""}],[{""id"":""g1.0"",""content"":""baseball""}],[{""id"":""g2.0"",""content"":""ball""}]]","[""What purpose is the netting for?"",""What sport is the netting for?"",""What is the netting for catching?""]",true,value,"[""A/P.A/G"", ""A/D"", ""A/D    . ~ (reason) ""]",jgualla1
516025,727,jimena_test_for_annotator_uncertainty,Thu Jun 23 18:57:09 UTC 2022,1,86400,24752,129,Fri Jun 24 18:21:54 UTC 2022,Fri Jun 24 18:22:07 UTC 2022,13,"[[{""id"": ""g0.2"", ""content"": ""cake""}], [{""id"": ""g1.2"", ""content"": ""birthday""}], [{""id"": ""g2.0"", ""content"": ""happy""}]]","[""What are the people sitting at the table doing?"", ""Why are the people sitting at the table to celebrate?"", ""Why are the people sitting at the table expressing?""]","""https://cs.jhu.edu/~esteng/images_for_hit/COCO_train2014_000000468826.jpg""","""Why are the people sitting at the table?""",468826001,"[[{""id"":""g0.2"",""content"":""cake""}],[{""id"":""g1.2"",""content"":""birthday""}],[{""id"":""g2.0"",""content"":""happy""}]]","[""What are the people sitting at the table doing?"",""Why are the people sitting at the table to celebrate?"",""Why are the people sitting at the table expressing?""]",true,value,"[""A/C.A/P"", ""~"", ""~ (reason).A/D ""]",jgualla1
516034,727,jimena_test_for_annotator_uncertainty,Thu Jun 23 18:57:09 UTC 2022,1,86400,24761,129,Fri Jun 24 18:24:17 UTC 2022,Fri Jun 24 18:24:21 UTC 2022,4,"[[{""id"": ""g0.3"", ""content"": ""spain""}], [{""id"": ""g1.2"", ""content"": ""horseman of royal bg""}], [{""id"": ""g2.0"", ""content"": ""tour""}]]","[""Where is the bus going geographically?"", ""What destination is the bus going to?"", ""Why is the bus going?""]","""https://cs.jhu.edu/~esteng/images_for_hit/COCO_train2014_000000412537.jpg""","""Where is the bus going?""",412537001,"[[{""id"":""g0.3"",""content"":""spain""}],[{""id"":""g1.2"",""content"":""horseman of royal bg""}],[{""id"":""g2.0"",""content"":""tour""}]]","[""Where is the bus going geographically?"",""What destination is the bus going to?"",""Why is the bus going?""]",true,value,"[""A/G"", ""A/D"", ""A/D                ""]",jgualla1
516037,727,jimena_test_for_annotator_uncertainty,Thu Jun 23 18:57:09 UTC 2022,1,86400,24764,129,Fri Jun 24 18:25:00 UTC 2022,Fri Jun 24 18:25:12 UTC 2022,12,"[[{""id"": ""g0.6"", ""content"": ""bus ticket""}], [{""id"": ""g1.0"", ""content"": ""bus""}], [{""id"": ""g2.1"", ""content"": ""window""}]]","[""What are these men waiting for?"", ""For what transport are these men waiting on?"", ""Where are these men waiting?""]","""https://cs.jhu.edu/~esteng/images_for_hit/COCO_train2014_000000329501.jpg""","""What are these men waiting on?""",329501002,"[[{""id"":""g0.6"",""content"":""bus ticket""}],[{""id"":""g1.0"",""content"":""bus""}],[{""id"":""g2.1"",""content"":""window""}]]","[""What are these men waiting for?"",""For what transport are these men waiting on?"",""Where are these men waiting?""]",true,value,"[""A/L.A/C"", ""~"", ""A/L. ~ (reason, ambiguity on \""waiting on\"", possibly dialectal) ""]",jgualla1
516040,727,jimena_test_for_annotator_uncertainty,Thu Jun 23 18:57:09 UTC 2022,1,86400,24767,129,Fri Jun 24 18:25:30 UTC 2022,Fri Jun 24 18:25:42 UTC 2022,12,"[[{""id"": ""g0.6"", ""content"": ""color""}], [{""id"": ""g1.0"", ""content"": ""museum""}], [{""id"": ""g2.0"", ""content"": ""bathroom""}]]","[""Reason why this or isn't a piece of art?"", ""Where is this a piece of art?"", ""Where is this a piece of art found?""]","""https://cs.jhu.edu/~esteng/images_for_hit/COCO_train2014_000000293174.jpg""","""Why is this a piece of art?""",293174000,"[[{""id"":""g0.6"",""content"":""color""}],[{""id"":""g1.0"",""content"":""museum""}],[{""id"":""g2.0"",""content"":""bathroom""}]]","[""Reason why this or isn't a piece of art?"",""Where is this a piece of art?"",""Where is this a piece of art found?""]",true,value,"[""A/C"", ""~"", ""~ (reason )""]",jgualla1
516043,727,jimena_test_for_annotator_uncertainty,Thu Jun 23 18:57:09 UTC 2022,1,86400,24770,129,Fri Jun 24 18:25:54 UTC 2022,Fri Jun 24 18:26:04 UTC 2022,10,"[[{""id"": ""g0.1"", ""content"": ""can't tell""}], [{""id"": ""g1.6"", ""content"": ""work together""}]]","[""How many people are wearing orange sweaters?"", ""Why are so many people wearing orange sweaters ?""]","""https://cs.jhu.edu/~esteng/images_for_hit/COCO_train2014_000000246718.jpg""","""Why are so many people wearing orange sweaters?""",246718000,"[[{""id"":""g0.1"",""content"":""can't tell""}],[{""id"":""g1.6"",""content"":""work together""}]]","[""How many people are wearing orange sweaters?"",""Why are so many people wearing orange sweaters ?""]",true,value,"[""A/C.M/A"", ""~"", ""M/A. ~(reason) ""]",jgualla1
516044,727,jimena_test_for_annotator_uncertainty,Thu Jun 23 18:57:09 UTC 2022,1,86400,24771,129,Fri Jun 24 18:26:04 UTC 2022,Fri Jun 24 18:26:16 UTC 2022,12,"[[{""id"": ""g0.3"", ""content"": ""to right""}], [{""id"": ""g1.2"", ""content"": ""west""}]]","[""In which way is the traffic heading?"", ""Which way is the traffic heading gepgraphically?""]","""https://cs.jhu.edu/~esteng/images_for_hit/COCO_train2014_000000352188.jpg""","""Which way is the traffic heading?""",352188025,"[[{""id"":""g0.3"",""content"":""to right""}],[{""id"":""g1.2"",""content"":""west""}]]","[""In which way is the traffic heading?"",""Which way is the traffic heading gepgraphically?""]",true,value,"[""A/G"", ""U.A/D"", ""A/D                   ""]",jgualla1
