"answerGroups","question_id","imgUrl","answerQuestions","questionStr"
"[[{""id"": ""g.0.0"", ""content"": ""resting""}], [{""id"": ""g.1.0"", ""content"": ""sitting""}], [{""id"": ""g.2.0"", ""content"": ""begging""}], [{""id"": ""g.3.0"", ""content"": ""he is homeless""}], [{""id"": ""g.4.0"", ""content"": ""homeless""}]]","524314000","""No link""","[""empty"", ""empty"", ""empty"", ""empty"", ""empty""]","""Why is the man on the street?"""
"[[{""id"": ""g.0.0"", ""content"": ""bad light""}], [{""id"": ""g.1.0"", ""content"": ""direction of sunlight""}], [{""id"": ""g.2.0"", ""content"": ""position of sun""}], [{""id"": ""g.3.0"", ""content"": ""glare""}], [{""id"": ""g.4.0"", ""content"": ""low light""}], [{""id"": ""g.5.0"", ""content"": ""sunset""}], [{""id"": ""g.6.0"", ""content"": ""sun""}], [{""id"": ""g.7.0"", ""content"": ""lighting""}], [{""id"": ""g.8.0"", ""content"": ""backlighting""}], [{""id"": ""g.9.0"", ""content"": ""shadows""}]]","262260000","""No link""","[""empty"", ""empty"", ""empty"", ""empty"", ""empty"", ""empty"", ""empty"", ""empty"", ""empty"", ""empty""]","""Why are the birds only appearing as black silhouettes?"""
"[[{""id"": ""g.0.0"", ""content"": ""lack of storage""}], [{""id"": ""g.1.0"", ""content"": ""haven't put away yet""}], [{""id"": ""g.2.0"", ""content"": ""yes""}], [{""id"": ""g.3.0"", ""content"": ""she's messy""}], [{""id"": ""g.4.0"", ""content"": ""messy""}], [{""id"": ""g.5.0"", ""content"": ""bed isn't made""}], [{""id"": ""g.6.0"", ""content"": ""she just did laundry""}], [{""id"": ""g.7.0"", ""content"": ""she does not want to put them away""}], [{""id"": ""g.8.0"", ""content"": ""it's hot""}], [{""id"": ""g.9.0"", ""content"": ""laundry""}]]","131208000","""No link""","[""empty"", ""empty"", ""empty"", ""empty"", ""empty"", ""empty"", ""empty"", ""empty"", ""empty"", ""empty""]","""Why are there so many clothes on the bed?"""
"[[{""id"": ""g.0.0"", ""content"": ""barbecue""}], [{""id"": ""g.1.0"", ""content"": ""for festival""}], [{""id"": ""g.2.0"", ""content"": ""for sale""}], [{""id"": ""g.3.0"", ""content"": ""barbeque for friends or family""}], [{""id"": ""g.4.0"", ""content"": ""cookout""}], [{""id"": ""g.5.0"", ""content"": ""to eat""}], [{""id"": ""g.6.0"", ""content"": ""fundraiser""}], [{""id"": ""g.7.0"", ""content"": ""to feed people""}], [{""id"": ""g.8.0"", ""content"": ""party""}]]","524486002","""No link""","[""empty"", ""empty"", ""empty"", ""empty"", ""empty"", ""empty"", ""empty"", ""empty"", ""empty""]","""Why is the man cooking so many hot dogs?"""
"[[{""id"": ""g.0.0"", ""content"": ""keep sun off""}], [{""id"": ""g.1.0"", ""content"": ""it's sunny""}], [{""id"": ""g.2.0"", ""content"": ""protection from sun""}], [{""id"": ""g.3.0"", ""content"": ""sun protection""}], [{""id"": ""g.4.0"", ""content"": ""sunscreen""}], [{""id"": ""g.5.0"", ""content"": ""sun""}], [{""id"": ""g.6.0"", ""content"": ""its' sunny""}], [{""id"": ""g.7.0"", ""content"": ""block sun""}]]","36002","""No link""","[""empty"", ""empty"", ""empty"", ""empty"", ""empty"", ""empty"", ""empty"", ""empty""]","""Why is the girl holding an umbrella?"""
"[[{""id"": ""g.0.0"", ""content"": ""personal preference""}], [{""id"": ""g.1.0"", ""content"": ""too acidic""}], [{""id"": ""g.2.0"", ""content"": ""they don't like oranges""}], [{""id"": ""g.3.0"", ""content"": ""acidic""}], [{""id"": ""g.4.0"", ""content"": ""have to peel""}], [{""id"": ""g.5.0"", ""content"": ""allergic to it""}], [{""id"": ""g.6.0"", ""content"": ""they just don't""}], [{""id"": ""g.7.0"", ""content"": ""wax""}], [{""id"": ""g.8.0"", ""content"": ""to citrusy""}], [{""id"": ""g.9.0"", ""content"": ""rotten""}]]","39288002","""No link""","[""empty"", ""empty"", ""empty"", ""empty"", ""empty"", ""empty"", ""empty"", ""empty"", ""empty"", ""empty""]","""Why would someone not like the fruit at the front?"""
"[[{""id"": ""g.0.0"", ""content"": ""to stop traffic""}], [{""id"": ""g.1.0"", ""content"": ""stop cars""}], [{""id"": ""g.2.0"", ""content"": ""to stop cars""}], [{""id"": ""g.3.0"", ""content"": ""stop""}], [{""id"": ""g.4.0"", ""content"": ""to signal cars to stop""}], [{""id"": ""g.5.0"", ""content"": ""so drivers know to stop""}], [{""id"": ""g.6.0"", ""content"": ""red for stop""}]]","524520002","""No link""","[""empty"", ""empty"", ""empty"", ""empty"", ""empty"", ""empty"", ""empty""]","""Why is the top light on?"""
"[[{""id"": ""g.0.0"", ""content"": ""ramp""}], [{""id"": ""g.1.0"", ""content"": ""snowboarding jump""}], [{""id"": ""g.2.0"", ""content"": ""snowboarding down hill""}], [{""id"": ""g.3.0"", ""content"": ""tricks""}], [{""id"": ""g.4.0"", ""content"": ""jumping""}], [{""id"": ""g.5.0"", ""content"": ""he went off jump""}], [{""id"": ""g.6.0"", ""content"": ""snowboarding""}], [{""id"": ""g.7.0"", ""content"": ""making ski jump""}]]","524547000","""No link""","[""empty"", ""empty"", ""empty"", ""empty"", ""empty"", ""empty"", ""empty"", ""empty""]","""Why is the man in mid-air?"""
"[[{""id"": ""g.0.0"", ""content"": ""riding""}], [{""id"": ""g.1.0"", ""content"": ""traveling""}], [{""id"": ""g.2.0"", ""content"": ""riding them""}], [{""id"": ""g.3.0"", ""content"": ""safari ride""}]]","61001","""No link""","[""empty"", ""empty"", ""empty"", ""empty""]","""Why are the people on the elephants?"""
"[[{""id"": ""g.0.0"", ""content"": ""it is fall""}], [{""id"": ""g.1.0"", ""content"": ""autumn""}], [{""id"": ""g.2.0"", ""content"": ""fall season""}], [{""id"": ""g.3.0"", ""content"": ""they're green""}], [{""id"": ""g.4.0"", ""content"": ""it's fall""}], [{""id"": ""g.5.0"", ""content"": ""it's autumn""}], [{""id"": ""g.6.0"", ""content"": ""season change""}], [{""id"": ""g.7.0"", ""content"": ""changing season""}], [{""id"": ""g.8.0"", ""content"": ""fall""}]]","524661005","""No link""","[""empty"", ""empty"", ""empty"", ""empty"", ""empty"", ""empty"", ""empty"", ""empty"", ""empty""]","""Why are some of the leaves brown?"""
"[[{""id"": ""g.0.0"", ""content"": ""posing""}], [{""id"": ""g.1.0"", ""content"": ""talking to someone""}], [{""id"": ""g.2.0"", ""content"": ""taking calls""}], [{""id"": ""g.3.0"", ""content"": ""they are talking to other people""}], [{""id"": ""g.4.0"", ""content"": ""3""}], [{""id"": ""g.5.0"", ""content"": ""poor real life social skills""}], [{""id"": ""g.6.0"", ""content"": ""talking""}], [{""id"": ""g.7.0"", ""content"": ""talk to people not present""}], [{""id"": ""g.8.0"", ""content"": ""boredom""}], [{""id"": ""g.9.0"", ""content"": ""they are talking""}]]","157125001","""No link""","[""empty"", ""empty"", ""empty"", ""empty"", ""empty"", ""empty"", ""empty"", ""empty"", ""empty"", ""empty""]","""Why are these people on their cell phones?"""
"[[{""id"": ""g.0.0"", ""content"": ""it's nighttime""}], [{""id"": ""g.1.0"", ""content"": ""yes""}], [{""id"": ""g.2.0"", ""content"": ""nighttime""}], [{""id"": ""g.3.0"", ""content"": ""night""}], [{""id"": ""g.4.0"", ""content"": ""night time""}], [{""id"": ""g.5.0"", ""content"": ""sun went down""}]]","262705000","""No link""","[""empty"", ""empty"", ""empty"", ""empty"", ""empty"", ""empty""]","""Why is it dark?"""
"[[{""id"": ""g.0.0"", ""content"": ""camera""}], [{""id"": ""g.1.0"", ""content"": ""yes""}], [{""id"": ""g.2.0"", ""content"": ""person moving""}], [{""id"": ""g.3.0"", ""content"": ""night""}], [{""id"": ""g.4.0"", ""content"": ""motion""}], [{""id"": ""g.5.0"", ""content"": ""person is moving""}], [{""id"": ""g.6.0"", ""content"": ""moving subject""}]]","262705005","""No link""","[""empty"", ""empty"", ""empty"", ""empty"", ""empty"", ""empty"", ""empty""]","""Why is this photograph blurry?"""
"[[{""id"": ""g.0.0"", ""content"": ""they're skiing""}], [{""id"": ""g.1.0"", ""content"": ""skiing""}], [{""id"": ""g.2.0"", ""content"": ""its skiing""}], [{""id"": ""g.3.0"", ""content"": ""yes""}]]","262705007","""No link""","[""empty"", ""empty"", ""empty"", ""empty""]","""Why is the child happy?"""
"[[{""id"": ""g.0.0"", ""content"": ""to park""}], [{""id"": ""g.1.0"", ""content"": ""to show where planes should go""}], [{""id"": ""g.2.0"", ""content"": ""parking areas""}], [{""id"": ""g.3.0"", ""content"": ""parking spots for airplanes""}], [{""id"": ""g.4.0"", ""content"": ""caution""}], [{""id"": ""g.5.0"", ""content"": ""for parking planes""}], [{""id"": ""g.6.0"", ""content"": ""parking""}], [{""id"": ""g.7.0"", ""content"": ""guidelines""}], [{""id"": ""g.8.0"", ""content"": ""guide planes""}]]","524925003","""No link""","[""empty"", ""empty"", ""empty"", ""empty"", ""empty"", ""empty"", ""empty"", ""empty"", ""empty""]","""Why are there stripes on the runway?"""
"[[{""id"": ""g.0.0"", ""content"": ""to dry""}], [{""id"": ""g.1.0"", ""content"": ""so parts on bottom don't get destroyed""}], [{""id"": ""g.2.0"", ""content"": ""to get waxed""}], [{""id"": ""g.3.0"", ""content"": ""to be waxed""}], [{""id"": ""g.4.0"", ""content"": ""broken""}], [{""id"": ""g.5.0"", ""content"": ""so fins don't break""}], [{""id"": ""g.6.0"", ""content"": ""no""}], [{""id"": ""g.7.0"", ""content"": ""wind""}], [{""id"": ""g.8.0"", ""content"": ""drying""}], [{""id"": ""g.9.0"", ""content"": ""not in use""}]]","673000","""No link""","[""empty"", ""empty"", ""empty"", ""empty"", ""empty"", ""empty"", ""empty"", ""empty"", ""empty"", ""empty""]","""Why are all of the surfboards upside down?"""
"[[{""id"": ""g.0.0"", ""content"": ""turtle crossing""}], [{""id"": ""g.1.0"", ""content"": ""merging traffic""}], [{""id"": ""g.2.0"", ""content"": ""curve""}], [{""id"": ""g.3.0"", ""content"": ""turn""}], [{""id"": ""g.4.0"", ""content"": ""bump on road""}], [{""id"": ""g.5.0"", ""content"": ""bumps""}], [{""id"": ""g.6.0"", ""content"": ""slick""}], [{""id"": ""g.7.0"", ""content"": ""for safety""}], [{""id"": ""g.8.0"", ""content"": ""curvy road""}]]","393922005","""No link""","[""empty"", ""empty"", ""empty"", ""empty"", ""empty"", ""empty"", ""empty"", ""empty"", ""empty""]","""Why does the sign say SLOW?"""
"[[{""id"": ""g.0.0"", ""content"": ""10""}], [{""id"": ""g.1.0"", ""content"": ""crowds""}], [{""id"": ""g.2.0"", ""content"": ""riot""}], [{""id"": ""g.3.0"", ""content"": ""control crowd""}], [{""id"": ""g.4.0"", ""content"": ""lead march""}], [{""id"": ""g.5.0"", ""content"": ""protection""}], [{""id"": ""g.6.0"", ""content"": ""crowd control""}], [{""id"": ""g.7.0"", ""content"": ""protest""}], [{""id"": ""g.8.0"", ""content"": ""patrol crowd""}]]","480717002","""No link""","[""empty"", ""empty"", ""empty"", ""empty"", ""empty"", ""empty"", ""empty"", ""empty"", ""empty""]","""Why are the police there?"""
"[[{""id"": ""g.0.0"", ""content"": ""happy""}], [{""id"": ""g.1.0"", ""content"": ""he is happy""}], [{""id"": ""g.2.0"", ""content"": ""his food is made right""}], [{""id"": ""g.3.0"", ""content"": ""cooking""}], [{""id"": ""g.4.0"", ""content"": ""for camera""}], [{""id"": ""g.5.0"", ""content"": ""cooking fun""}], [{""id"": ""g.6.0"", ""content"": ""for picture""}], [{""id"": ""g.7.0"", ""content"": ""he's happy""}]]","525012000","""No link""","[""empty"", ""empty"", ""empty"", ""empty"", ""empty"", ""empty"", ""empty"", ""empty""]","""Why is the man smiling?"""
"[[{""id"": ""g.0.0"", ""content"": ""to increase speed/momentum""}], [{""id"": ""g.1.0"", ""content"": ""to ski""}], [{""id"": ""g.2.0"", ""content"": ""for balance""}], [{""id"": ""g.3.0"", ""content"": ""leverage and balance""}], [{""id"": ""g.4.0"", ""content"": ""balance""}], [{""id"": ""g.5.0"", ""content"": ""speed""}], [{""id"": ""g.6.0"", ""content"": ""skiing""}]]","525015000","""No link""","[""empty"", ""empty"", ""empty"", ""empty"", ""empty"", ""empty"", ""empty""]","""Why is he using ski poles?"""
"[[{""id"": ""g.0.0"", ""content"": ""rain""}], [{""id"": ""g.1.0"", ""content"": ""raining""}], [{""id"": ""g.2.0"", ""content"": ""rainy day""}], [{""id"": ""g.3.0"", ""content"": ""it's raining""}]]","393985001","""No link""","[""empty"", ""empty"", ""empty"", ""empty""]","""Why are these people carrying umbrellas?"""
"[[{""id"": ""g.0.0"", ""content"": ""sand""}], [{""id"": ""g.1.0"", ""content"": ""doesn't want to""}], [{""id"": ""g.2.0"", ""content"": ""beach""}], [{""id"": ""g.3.0"", ""content"": ""he's at beach""}], [{""id"": ""g.4.0"", ""content"": ""on beach""}], [{""id"": ""g.5.0"", ""content"": ""because there's sand""}], [{""id"": ""g.6.0"", ""content"": ""at beach""}]]","525100000","""No link""","[""empty"", ""empty"", ""empty"", ""empty"", ""empty"", ""empty"", ""empty""]","""Why isn't he wearing shoes?"""
"[[{""id"": ""g.0.0"", ""content"": ""safety""}], [{""id"": ""g.1.0"", ""content"": ""it's not""}], [{""id"": ""g.2.0"", ""content"": ""parked""}], [{""id"": ""g.3.0"", ""content"": ""security""}], [{""id"": ""g.4.0"", ""content"": ""no""}], [{""id"": ""g.5.0"", ""content"": ""it is not""}], [{""id"": ""g.6.0"", ""content"": ""it is not connected to pole""}]]","262967000","""No link""","[""empty"", ""empty"", ""empty"", ""empty"", ""empty"", ""empty"", ""empty""]","""Why is the bike connected to the pole?"""
"[[{""id"": ""g.0.0"", ""content"": ""too short""}], [{""id"": ""g.1.0"", ""content"": ""too loose""}], [{""id"": ""g.2.0"", ""content"": ""spread legs""}], [{""id"": ""g.3.0"", ""content"": ""hard to get on bike""}], [{""id"": ""g.4.0"", ""content"": ""dress comes up""}], [{""id"": ""g.5.0"", ""content"": ""revealing""}], [{""id"": ""g.6.0"", ""content"": ""dress""}], [{""id"": ""g.7.0"", ""content"": ""it is not""}], [{""id"": ""g.8.0"", ""content"": ""weather wise""}], [{""id"": ""g.9.0"", ""content"": ""could cause danger""}]]","262967008","""No link""","[""empty"", ""empty"", ""empty"", ""empty"", ""empty"", ""empty"", ""empty"", ""empty"", ""empty"", ""empty""]","""Why is her outfit impractical for this activity?"""
"[[{""id"": ""g.0.0"", ""content"": ""they aren't""}], [{""id"": ""g.1.0"", ""content"": ""environment""}], [{""id"": ""g.2.0"", ""content"": ""don't know""}], [{""id"": ""g.3.0"", ""content"": ""durability""}], [{""id"": ""g.4.0"", ""content"": ""stove""}], [{""id"": ""g.5.0"", ""content"": ""clean""}], [{""id"": ""g.6.0"", ""content"": ""cleanliness""}], [{""id"": ""g.7.0"", ""content"": ""for preparing food""}], [{""id"": ""g.8.0"", ""content"": ""keep it clean""}], [{""id"": ""g.9.0"", ""content"": ""to make it easier to clean""}]]","131909035","""No link""","[""empty"", ""empty"", ""empty"", ""empty"", ""empty"", ""empty"", ""empty"", ""empty"", ""empty"", ""empty""]","""Why must the tables be made of stainless steel in this environment?"""
"[[{""id"": ""g.0.0"", ""content"": ""to stop rain""}], [{""id"": ""g.1.0"", ""content"": ""no umbrella""}], [{""id"": ""g.2.0"", ""content"": ""block rain""}], [{""id"": ""g.3.0"", ""content"": ""there isn't""}], [{""id"": ""g.4.0"", ""content"": ""no""}], [{""id"": ""g.5.0"", ""content"": ""not possible""}], [{""id"": ""g.6.0"", ""content"": ""block sun""}]]","263002005","""No link""","[""empty"", ""empty"", ""empty"", ""empty"", ""empty"", ""empty"", ""empty""]","""Why is there an umbrella on top of this truck in the foreground?"""
"[[{""id"": ""g.0.0"", ""content"": ""snow""}], [{""id"": ""g.1.0"", ""content"": ""yes""}]]","436481001","""No link""","[""empty"", ""empty""]","""Why is the ground white?"""
"[[{""id"": ""g.0.0"", ""content"": ""they're cooking""}], [{""id"": ""g.1.0"", ""content"": ""keep themselves clean""}], [{""id"": ""g.2.0"", ""content"": ""yes""}], [{""id"": ""g.3.0"", ""content"": ""to keep clothes clean""}], [{""id"": ""g.4.0"", ""content"": ""cooking""}], [{""id"": ""g.5.0"", ""content"": ""they are cooking""}], [{""id"": ""g.6.0"", ""content"": ""they're cooks""}], [{""id"": ""g.7.0"", ""content"": ""working""}]]","525180001","""No link""","[""empty"", ""empty"", ""empty"", ""empty"", ""empty"", ""empty"", ""empty"", ""empty""]","""Why are the men wearing aprons?"""
"[[{""id"": ""g.0.0"", ""content"": ""cannot tell""}], [{""id"": ""g.1.0"", ""content"": ""not open""}], [{""id"": ""g.2.0"", ""content"": ""living room""}], [{""id"": ""g.3.0"", ""content"": ""because woman left it open""}], [{""id"": ""g.4.0"", ""content"": ""visibility""}], [{""id"": ""g.5.0"", ""content"": ""fresh air""}], [{""id"": ""g.6.0"", ""content"": ""access""}], [{""id"": ""g.7.0"", ""content"": ""open to office""}], [{""id"": ""g.8.0"", ""content"": ""not closed""}], [{""id"": ""g.9.0"", ""content"": ""no privacy needed""}]]","497558001","""No link""","[""empty"", ""empty"", ""empty"", ""empty"", ""empty"", ""empty"", ""empty"", ""empty"", ""empty"", ""empty""]","""Why is the door open?"""
"[[{""id"": ""g.0.0"", ""content"": ""mesh chair""}], [{""id"": ""g.1.0"", ""content"": ""yes""}], [{""id"": ""g.2.0"", ""content"": ""material that chair back is made of is see-through material""}], [{""id"": ""g.3.0"", ""content"": ""it has mesh on it""}], [{""id"": ""g.4.0"", ""content"": ""holes""}], [{""id"": ""g.5.0"", ""content"": ""mesh""}], [{""id"": ""g.6.0"", ""content"": ""it's mesh""}]]","525223000","""No link""","[""empty"", ""empty"", ""empty"", ""empty"", ""empty"", ""empty"", ""empty""]","""Why are we able to see through the chair back?"""
"[[{""id"": ""g.0.0"", ""content"": ""computers""}], [{""id"": ""g.1.0"", ""content"": ""iphone""}], [{""id"": ""g.2.0"", ""content"": ""technology""}], [{""id"": ""g.3.0"", ""content"": ""not sure""}], [{""id"": ""g.4.0"", ""content"": ""new technology""}], [{""id"": ""g.5.0"", ""content"": ""outdated""}], [{""id"": ""g.6.0"", ""content"": ""obsolete""}], [{""id"": ""g.7.0"", ""content"": ""i didn't""}], [{""id"": ""g.8.0"", ""content"": ""they are obsolete""}]]","941004","""No link""","[""empty"", ""empty"", ""empty"", ""empty"", ""empty"", ""empty"", ""empty"", ""empty"", ""empty""]","""Why have Palm pilots disappeared?"""
"[[{""id"": ""g.0.0"", ""content"": ""museum""}], [{""id"": ""g.1.0"", ""content"": ""old""}], [{""id"": ""g.2.0"", ""content"": ""yes""}], [{""id"": ""g.3.0"", ""content"": ""to exhibit""}], [{""id"": ""g.4.0"", ""content"": ""travel""}], [{""id"": ""g.5.0"", ""content"": ""decor""}], [{""id"": ""g.6.0"", ""content"": ""historical""}], [{""id"": ""g.7.0"", ""content"": ""trunks""}], [{""id"": ""g.8.0"", ""content"": ""for sale""}], [{""id"": ""g.9.0"", ""content"": ""famous person's""}]]","955000","""No link""","[""empty"", ""empty"", ""empty"", ""empty"", ""empty"", ""empty"", ""empty"", ""empty"", ""empty"", ""empty""]","""Why are they on display?"""
"[[{""id"": ""g.0.0"", ""content"": ""safety""}], [{""id"": ""g.1.0"", ""content"": ""because of ball""}], [{""id"": ""g.2.0"", ""content"": ""safety from ball""}], [{""id"": ""g.3.0"", ""content"": ""in case ball hits them""}], [{""id"": ""g.4.0"", ""content"": ""danger""}], [{""id"": ""g.5.0"", ""content"": ""in case they get hit with ball""}], [{""id"": ""g.6.0"", ""content"": ""to protect from ball""}], [{""id"": ""g.7.0"", ""content"": ""in case they are hit with ball protects head""}], [{""id"": ""g.8.0"", ""content"": ""protection""}]]","525300001","""No link""","[""empty"", ""empty"", ""empty"", ""empty"", ""empty"", ""empty"", ""empty"", ""empty"", ""empty""]","""Why do they wear head protection?"""
"[[{""id"": ""g.0.0"", ""content"": ""because she's jumping""}], [{""id"": ""g.1.0"", ""content"": ""angle of shot""}], [{""id"": ""g.2.0"", ""content"": ""yes""}], [{""id"": ""g.3.0"", ""content"": ""jumping""}], [{""id"": ""g.4.0"", ""content"": ""because she is jumping""}], [{""id"": ""g.5.0"", ""content"": ""she is jumping""}], [{""id"": ""g.6.0"", ""content"": ""she jumped""}], [{""id"": ""g.7.0"", ""content"": ""she leapt""}]]","394286005","""No link""","[""empty"", ""empty"", ""empty"", ""empty"", ""empty"", ""empty"", ""empty"", ""empty""]","""Why do the woman's feet seem to be off of the ground?"""
"[[{""id"": ""g.0.0"", ""content"": ""kite""}], [{""id"": ""g.1.0"", ""content"": ""flying kite""}], [{""id"": ""g.2.0"", ""content"": ""holding kite""}], [{""id"": ""g.3.0"", ""content"": ""she is flying kite""}]]","270636009","""No link""","[""empty"", ""empty"", ""empty"", ""empty""]","""Why is the person's arm upraised?"""
"[[{""id"": ""g.0.0"", ""content"": ""yes""}], [{""id"": ""g.1.0"", ""content"": ""brake smoke""}], [{""id"": ""g.2.0"", ""content"": ""friction""}], [{""id"": ""g.3.0"", ""content"": ""plane is landing fast""}], [{""id"": ""g.4.0"", ""content"": ""landing""}], [{""id"": ""g.5.0"", ""content"": ""friction between plane wheel and runway""}]]","525380000","""No link""","[""empty"", ""empty"", ""empty"", ""empty"", ""empty"", ""empty""]","""Why is the smoke coming from the nose wheels?"""
"[[{""id"": ""g.0.0"", ""content"": ""she's been there long time""}], [{""id"": ""g.1.0"", ""content"": ""resting""}], [{""id"": ""g.2.0"", ""content"": ""tired""}], [{""id"": ""g.3.0"", ""content"": ""make seat softer""}], [{""id"": ""g.4.0"", ""content"": ""waiting for customer""}], [{""id"": ""g.5.0"", ""content"": ""comfort""}], [{""id"": ""g.6.0"", ""content"": ""waiting for sales""}]]","410302003","""No link""","[""empty"", ""empty"", ""empty"", ""empty"", ""empty"", ""empty"", ""empty""]","""Why is the woman sit on a cushion?"""
"[[{""id"": ""g.0.0"", ""content"": ""they are kids""}], [{""id"": ""g.1.0"", ""content"": ""they are children""}], [{""id"": ""g.2.0"", ""content"": ""they fit""}], [{""id"": ""g.3.0"", ""content"": ""they are small""}], [{""id"": ""g.4.0"", ""content"": ""small children""}], [{""id"": ""g.5.0"", ""content"": ""small people""}], [{""id"": ""g.6.0"", ""content"": ""they are little""}], [{""id"": ""g.7.0"", ""content"": ""they are toddlers""}]]","525450003","""No link""","[""empty"", ""empty"", ""empty"", ""empty"", ""empty"", ""empty"", ""empty"", ""empty""]","""Why can both people sit on this char?"""
"[[{""id"": ""g.0.0"", ""content"": ""costume""}], [{""id"": ""g.1.0"", ""content"": ""performer""}], [{""id"": ""g.2.0"", ""content"": ""protection""}], [{""id"": ""g.3.0"", ""content"": ""for safety""}], [{""id"": ""g.4.0"", ""content"": ""to protect his head""}], [{""id"": ""g.5.0"", ""content"": ""for his costume""}]]","1204000","""No link""","[""empty"", ""empty"", ""empty"", ""empty"", ""empty"", ""empty""]","""Why does the man have a helmet on his head?"""
"[[{""id"": ""g.0.0"", ""content"": ""dusk""}], [{""id"": ""g.1.0"", ""content"": ""bright light behind in window""}], [{""id"": ""g.2.0"", ""content"": ""no flash""}], [{""id"": ""g.3.0"", ""content"": ""lighting from window""}], [{""id"": ""g.4.0"", ""content"": ""no lights on""}], [{""id"": ""g.5.0"", ""content"": ""bright light coming from window makes room look dark in contrast""}], [{""id"": ""g.6.0"", ""content"": ""sun backlighting""}], [{""id"": ""g.7.0"", ""content"": ""no light""}], [{""id"": ""g.8.0"", ""content"": ""lighting""}]]","528147000","""No link""","[""empty"", ""empty"", ""empty"", ""empty"", ""empty"", ""empty"", ""empty"", ""empty"", ""empty""]","""Why does the picture appear so dark?"""
"[[{""id"": ""g.0.0"", ""content"": ""raining""}], [{""id"": ""g.1.0"", ""content"": ""rain""}], [{""id"": ""g.2.0"", ""content"": ""it's raining""}], [{""id"": ""g.3.0"", ""content"": ""it is raining""}]]","1216004","""No link""","[""empty"", ""empty"", ""empty"", ""empty""]","""Why is the person using an umbrella?"""
"[[{""id"": ""g.0.0"", ""content"": ""so guy can get on bike""}], [{""id"": ""g.1.0"", ""content"": ""to pick up guy""}], [{""id"": ""g.2.0"", ""content"": ""getman""}], [{""id"": ""g.3.0"", ""content"": ""stunt""}], [{""id"": ""g.4.0"", ""content"": ""for man to climb""}], [{""id"": ""g.5.0"", ""content"": ""ladder""}], [{""id"": ""g.6.0"", ""content"": ""man climbing""}], [{""id"": ""g.7.0"", ""content"": ""so man can get to ground""}], [{""id"": ""g.8.0"", ""content"": ""rescue""}]]","1232001","""No link""","[""empty"", ""empty"", ""empty"", ""empty"", ""empty"", ""empty"", ""empty"", ""empty"", ""empty""]","""Why is the plane in the air dropping down a ladder?"""
"[[{""id"": ""g.0.0"", ""content"": ""hurt""}], [{""id"": ""g.1.0"", ""content"": ""his leg is broken""}], [{""id"": ""g.2.0"", ""content"": ""can't walk""}], [{""id"": ""g.3.0"", ""content"": ""disabled""}], [{""id"": ""g.4.0"", ""content"": ""handicapped""}], [{""id"": ""g.5.0"", ""content"": ""injured""}], [{""id"": ""g.6.0"", ""content"": ""he cannot use his legs""}], [{""id"": ""g.7.0"", ""content"": ""his legs are disabled""}]]","525533002","""No link""","[""empty"", ""empty"", ""empty"", ""empty"", ""empty"", ""empty"", ""empty"", ""empty""]","""Why must the man sit in this kind of chair?"""
"[[{""id"": ""g.0.0"", ""content"": ""they are eating""}], [{""id"": ""g.1.0"", ""content"": ""grazing""}], [{""id"": ""g.2.0"", ""content"": ""eating""}]]","109156000","""No link""","[""empty"", ""empty"", ""empty""]","""Why are the animal's heads down?"""
"[[{""id"": ""g.0.0"", ""content"": ""to rest""}], [{""id"": ""g.1.0"", ""content"": ""pose for picture""}], [{""id"": ""g.2.0"", ""content"": ""pose""}], [{""id"": ""g.3.0"", ""content"": ""take picture""}], [{""id"": ""g.4.0"", ""content"": ""attend fair""}], [{""id"": ""g.5.0"", ""content"": ""festival""}], [{""id"": ""g.6.0"", ""content"": ""it's their destination""}], [{""id"": ""g.7.0"", ""content"": ""not possible""}], [{""id"": ""g.8.0"", ""content"": ""renaissance fair""}]]","279373004","""No link""","[""empty"", ""empty"", ""empty"", ""empty"", ""empty"", ""empty"", ""empty"", ""empty"", ""empty""]","""Why did this person stop at this place?"""
"[[{""id"": ""g.0.0"", ""content"": ""none shown""}], [{""id"": ""g.1.0"", ""content"": ""decoration""}], [{""id"": ""g.2.0"", ""content"": ""yes""}], [{""id"": ""g.3.0"", ""content"": ""decorated""}], [{""id"": ""g.4.0"", ""content"": ""toy""}], [{""id"": ""g.5.0"", ""content"": ""manufacturer sticker""}], [{""id"": ""g.6.0"", ""content"": ""art""}], [{""id"": ""g.7.0"", ""content"": ""makes face""}]]","525640002","""No link""","[""empty"", ""empty"", ""empty"", ""empty"", ""empty"", ""empty"", ""empty"", ""empty""]","""Why is there a sticker on this banana?"""
"[[{""id"": ""g.0.0"", ""content"": ""safety""}], [{""id"": ""g.1.0"", ""content"": ""help him balance""}], [{""id"": ""g.2.0"", ""content"": ""helping child""}], [{""id"": ""g.3.0"", ""content"": ""guiding him on skis""}], [{""id"": ""g.4.0"", ""content"": ""to help her learn to ski""}], [{""id"": ""g.5.0"", ""content"": ""helping""}], [{""id"": ""g.6.0"", ""content"": ""teaching""}], [{""id"": ""g.7.0"", ""content"": ""holding child up""}], [{""id"": ""g.8.0"", ""content"": ""helping her ski""}]]","394590001","""No link""","[""empty"", ""empty"", ""empty"", ""empty"", ""empty"", ""empty"", ""empty"", ""empty"", ""empty""]","""Why is the grown up beside the child?"""
"[[{""id"": ""g.0.0"", ""content"": ""safety""}], [{""id"": ""g.1.0"", ""content"": ""direct traffic""}], [{""id"": ""g.2.0"", ""content"": ""road lanes""}], [{""id"": ""g.3.0"", ""content"": ""for traffic""}], [{""id"": ""g.4.0"", ""content"": ""boundaries""}], [{""id"": ""g.5.0"", ""content"": ""no""}], [{""id"": ""g.6.0"", ""content"": ""mark edge of road""}], [{""id"": ""g.7.0"", ""content"": ""to designate lanes""}], [{""id"": ""g.8.0"", ""content"": ""roads""}]]","132515008","""No link""","[""empty"", ""empty"", ""empty"", ""empty"", ""empty"", ""empty"", ""empty"", ""empty"", ""empty""]","""Why are there lines on the ground?"""
"[[{""id"": ""g.0.0"", ""content"": ""keep sun off""}], [{""id"": ""g.1.0"", ""content"": ""it's sunny outside""}], [{""id"": ""g.2.0"", ""content"": ""to block sun""}], [{""id"": ""g.3.0"", ""content"": ""raining""}], [{""id"": ""g.4.0"", ""content"": ""shade""}], [{""id"": ""g.5.0"", ""content"": ""to be able to see""}], [{""id"": ""g.6.0"", ""content"": ""sun""}], [{""id"": ""g.7.0"", ""content"": ""hot""}], [{""id"": ""g.8.0"", ""content"": ""sunny""}]]","263609001","""No link""","[""empty"", ""empty"", ""empty"", ""empty"", ""empty"", ""empty"", ""empty"", ""empty"", ""empty""]","""Why is the person holding an umbrella?"""
"[[{""id"": ""g.0.0"", ""content"": ""breed""}], [{""id"": ""g.1.0"", ""content"": ""don't know""}], [{""id"": ""g.2.0"", ""content"": ""camouflage""}], [{""id"": ""g.3.0"", ""content"": ""its species""}], [{""id"": ""g.4.0"", ""content"": ""black bird""}], [{""id"": ""g.5.0"", ""content"": ""born that way""}], [{""id"": ""g.6.0"", ""content"": ""he was born this way""}], [{""id"": ""g.7.0"", ""content"": ""because it's cassowary""}], [{""id"": ""g.8.0"", ""content"": ""it is supposed to be""}]]","132549000","""No link""","[""empty"", ""empty"", ""empty"", ""empty"", ""empty"", ""empty"", ""empty"", ""empty"", ""empty""]","""Why is this bird feather black?"""
"[[{""id"": ""g.0.0"", ""content"": ""yes""}], [{""id"": ""g.1.0"", ""content"": ""his mask covers his face""}], [{""id"": ""g.2.0"", ""content"": ""i don't know""}], [{""id"": ""g.3.0"", ""content"": ""keeping warm""}], [{""id"": ""g.4.0"", ""content"": ""from wind""}], [{""id"": ""g.5.0"", ""content"": ""mask""}], [{""id"": ""g.6.0"", ""content"": ""cold""}]]","525813000","""No link""","[""empty"", ""empty"", ""empty"", ""empty"", ""empty"", ""empty"", ""empty""]","""Why is the persons face covered?"""
"[[{""id"": ""g.0.0"", ""content"": ""flash""}], [{""id"": ""g.1.0"", ""content"": ""reflection from camera""}], [{""id"": ""g.2.0"", ""content"": ""camera lighting""}], [{""id"": ""g.3.0"", ""content"": ""camera flash""}], [{""id"": ""g.4.0"", ""content"": ""photo""}], [{""id"": ""g.5.0"", ""content"": ""reflection""}]]","132654003","""No link""","[""empty"", ""empty"", ""empty"", ""empty"", ""empty"", ""empty""]","""Why are the cat's eyes red?"""
"[[{""id"": ""g.0.0"", ""content"": ""unknown""}], [{""id"": ""g.1.0"", ""content"": ""parked""}], [{""id"": ""g.2.0"", ""content"": ""let children on or off""}], [{""id"": ""g.3.0"", ""content"": ""it is parked""}]]","202523001","""No link""","[""empty"", ""empty"", ""empty"", ""empty""]","""Why is this truck stopped?"""
"[[{""id"": ""g.0.0"", ""content"": ""yes""}], [{""id"": ""g.1.0"", ""content"": ""climate""}], [{""id"": ""g.2.0"", ""content"": ""winter""}], [{""id"": ""g.3.0"", ""content"": ""snowy weather""}], [{""id"": ""g.4.0"", ""content"": ""to ski""}], [{""id"": ""g.5.0"", ""content"": ""its winter""}], [{""id"": ""g.6.0"", ""content"": ""on mountain""}]]","263873005","""No link""","[""empty"", ""empty"", ""empty"", ""empty"", ""empty"", ""empty"", ""empty""]","""Why are the mountains covered with snow?"""
"[[{""id"": ""g.0.0"", ""content"": ""safety""}], [{""id"": ""g.1.0"", ""content"": ""tells where it's going""}], [{""id"": ""g.2.0"", ""content"": ""visibility""}], [{""id"": ""g.3.0"", ""content"": ""law""}], [{""id"": ""g.4.0"", ""content"": ""almost night""}], [{""id"": ""g.5.0"", ""content"": ""regulations""}]]","394964001","""No link""","[""empty"", ""empty"", ""empty"", ""empty"", ""empty"", ""empty""]","""Why does the bus have its headlights on during the day?"""
"[[{""id"": ""g.0.0"", ""content"": ""old""}], [{""id"": ""g.1.0"", ""content"": ""old technology""}], [{""id"": ""g.2.0"", ""content"": ""aged""}], [{""id"": ""g.3.0"", ""content"": ""i don't know""}], [{""id"": ""g.4.0"", ""content"": ""new technology has been invented""}], [{""id"": ""g.5.0"", ""content"": ""crt""}], [{""id"": ""g.6.0"", ""content"": ""tubes""}], [{""id"": ""g.7.0"", ""content"": ""outdated technology""}]]","394975001","""No link""","[""empty"", ""empty"", ""empty"", ""empty"", ""empty"", ""empty"", ""empty"", ""empty""]","""Why are the objects obsolete?"""
"[[{""id"": ""g.0.0"", ""content"": ""to see better""}], [{""id"": ""g.1.0"", ""content"": ""tired""}], [{""id"": ""g.2.0"", ""content"": ""sleepy""}], [{""id"": ""g.3.0"", ""content"": ""sad""}], [{""id"": ""g.4.0"", ""content"": ""circle""}], [{""id"": ""g.5.0"", ""content"": ""relaxed""}], [{""id"": ""g.6.0"", ""content"": ""dark""}], [{""id"": ""g.7.0"", ""content"": ""green""}], [{""id"": ""g.8.0"", ""content"": ""staring""}]]","133565003","""No link""","[""empty"", ""empty"", ""empty"", ""empty"", ""empty"", ""empty"", ""empty"", ""empty"", ""empty""]","""Why does its pupils look like that?"""
"[[{""id"": ""g.0.0"", ""content"": ""angle""}], [{""id"": ""g.1.0"", ""content"": ""focus is on tie""}], [{""id"": ""g.2.0"", ""content"": ""yes""}], [{""id"": ""g.3.0"", ""content"": ""cropped out""}], [{""id"": ""g.4.0"", ""content"": ""showing tie""}], [{""id"": ""g.5.0"", ""content"": ""captured his outfit""}], [{""id"": ""g.6.0"", ""content"": ""emphasis on his clothing""}], [{""id"": ""g.7.0"", ""content"": ""it's cut off""}], [{""id"": ""g.8.0"", ""content"": ""picture of tie""}], [{""id"": ""g.9.0"", ""content"": ""fashion photo""}]]","427732003","""No link""","[""empty"", ""empty"", ""empty"", ""empty"", ""empty"", ""empty"", ""empty"", ""empty"", ""empty"", ""empty""]","""Why is the man's face missing from the photo?"""
"[[{""id"": ""g.0.0"", ""content"": ""halloween""}], [{""id"": ""g.1.0"", ""content"": ""dress up""}], [{""id"": ""g.2.0"", ""content"": ""commercial""}], [{""id"": ""g.3.0"", ""content"": ""wedding""}], [{""id"": ""g.4.0"", ""content"": ""entertainer""}], [{""id"": ""g.5.0"", ""content"": ""contestant""}], [{""id"": ""g.6.0"", ""content"": ""she is playing princess""}], [{""id"": ""g.7.0"", ""content"": ""contest""}], [{""id"": ""g.8.0"", ""content"": ""playing princess games""}], [{""id"": ""g.9.0"", ""content"": ""picture""}]]","526098000","""No link""","[""empty"", ""empty"", ""empty"", ""empty"", ""empty"", ""empty"", ""empty"", ""empty"", ""empty"", ""empty""]","""Why is the girl so dressed up?"""
"[[{""id"": ""g.0.0"", ""content"": ""looking for food""}], [{""id"": ""g.1.0"", ""content"": ""not sure""}], [{""id"": ""g.2.0"", ""content"": ""exercising""}], [{""id"": ""g.3.0"", ""content"": ""cow""}], [{""id"": ""g.4.0"", ""content"": ""roaming""}], [{""id"": ""g.5.0"", ""content"": ""bull""}], [{""id"": ""g.6.0"", ""content"": ""wandering""}], [{""id"": ""g.7.0"", ""content"": ""brahma bull""}]]","263993000","""No link""","[""empty"", ""empty"", ""empty"", ""empty"", ""empty"", ""empty"", ""empty"", ""empty""]","""Why is the animal on the beach?"""
"[[{""id"": ""g.0.0"", ""content"": ""lights off""}], [{""id"": ""g.1.0"", ""content"": ""few windows""}], [{""id"": ""g.2.0"", ""content"": ""no lights""}], [{""id"": ""g.3.0"", ""content"": ""no windows""}], [{""id"": ""g.4.0"", ""content"": ""no light on""}], [{""id"": ""g.5.0"", ""content"": ""no light""}], [{""id"": ""g.6.0"", ""content"": ""windows are covered""}], [{""id"": ""g.7.0"", ""content"": ""lightless""}]]","264005011","""No link""","[""empty"", ""empty"", ""empty"", ""empty"", ""empty"", ""empty"", ""empty"", ""empty""]","""Why is the room so dark?"""
"[[{""id"": ""g.0.0"", ""content"": ""lights off""}], [{""id"": ""g.1.0"", ""content"": ""light's off""}], [{""id"": ""g.2.0"", ""content"": ""dim lights""}], [{""id"": ""g.3.0"", ""content"": ""no windows""}], [{""id"": ""g.4.0"", ""content"": ""no""}], [{""id"": ""g.5.0"", ""content"": ""lighting""}], [{""id"": ""g.6.0"", ""content"": ""lights are off""}]]","264033005","""No link""","[""empty"", ""empty"", ""empty"", ""empty"", ""empty"", ""empty"", ""empty""]","""Why is the room dark?"""
"[[{""id"": ""g.0.0"", ""content"": ""for fun""}], [{""id"": ""g.1.0"", ""content"": ""because she wants to""}], [{""id"": ""g.2.0"", ""content"": ""boxing""}], [{""id"": ""g.3.0"", ""content"": ""she is playing wii for fun""}], [{""id"": ""g.4.0"", ""content"": ""because that's game system she has""}], [{""id"": ""g.5.0"", ""content"": ""cool""}], [{""id"": ""g.6.0"", ""content"": ""to have fun""}]]","132973001","""No link""","[""empty"", ""empty"", ""empty"", ""empty"", ""empty"", ""empty"", ""empty""]","""Why is she playing Wii?"""
"[[{""id"": ""g.0.0"", ""content"": ""decoration""}], [{""id"": ""g.1.0"", ""content"": ""for decoration""}], [{""id"": ""g.2.0"", ""content"": ""don't know""}], [{""id"": ""g.3.0"", ""content"": ""men's restroom""}], [{""id"": ""g.4.0"", ""content"": ""shock value""}], [{""id"": ""g.5.0"", ""content"": ""photoshop""}]]","395142002","""No link""","[""empty"", ""empty"", ""empty"", ""empty"", ""empty"", ""empty""]","""Why is a man's head on the wall?"""
"[[{""id"": ""g.0.0"", ""content"": ""camera quality""}], [{""id"": ""g.1.0"", ""content"": ""low quality camera""}], [{""id"": ""g.2.0"", ""content"": ""low light""}], [{""id"": ""g.3.0"", ""content"": ""dark""}], [{""id"": ""g.4.0"", ""content"": ""no""}], [{""id"": ""g.5.0"", ""content"": ""out of focus""}], [{""id"": ""g.6.0"", ""content"": ""low resolution""}], [{""id"": ""g.7.0"", ""content"": ""outdoor lighting""}], [{""id"": ""g.8.0"", ""content"": ""it is at distance""}]]","395178002","""No link""","[""empty"", ""empty"", ""empty"", ""empty"", ""empty"", ""empty"", ""empty"", ""empty"", ""empty""]","""Why does this photo appear grainy?"""
"[[{""id"": ""g.0.0"", ""content"": ""travel""}], [{""id"": ""g.1.0"", ""content"": ""yes""}], [{""id"": ""g.2.0"", ""content"": ""people""}], [{""id"": ""g.3.0"", ""content"": ""loading bags""}], [{""id"": ""g.4.0"", ""content"": ""going on trip""}], [{""id"": ""g.5.0"", ""content"": ""to see who is inside""}], [{""id"": ""g.6.0"", ""content"": ""traveling""}], [{""id"": ""g.7.0"", ""content"": ""to use shuttle""}], [{""id"": ""g.8.0"", ""content"": ""getting ready to leave""}]]","393553016","""No link""","[""empty"", ""empty"", ""empty"", ""empty"", ""empty"", ""empty"", ""empty"", ""empty"", ""empty""]","""Why are the people gathered around this vehicle?"""
"[[{""id"": ""g.0.0"", ""content"": ""to heat it""}], [{""id"": ""g.1.0"", ""content"": ""warm bat""}], [{""id"": ""g.2.0"", ""content"": ""to heat it up""}], [{""id"": ""g.3.0"", ""content"": ""light""}], [{""id"": ""g.4.0"", ""content"": ""heating""}], [{""id"": ""g.5.0"", ""content"": ""to warm it up""}], [{""id"": ""g.6.0"", ""content"": ""to see it better""}], [{""id"": ""g.7.0"", ""content"": ""to see""}], [{""id"": ""g.8.0"", ""content"": ""play""}], [{""id"": ""g.9.0"", ""content"": ""heat""}]]","526320000","""No link""","[""empty"", ""empty"", ""empty"", ""empty"", ""empty"", ""empty"", ""empty"", ""empty"", ""empty"", ""empty""]","""Why is the man holding the bat towards the light?"""
"[[{""id"": ""g.0.0"", ""content"": ""outdoor dining""}], [{""id"": ""g.1.0"", ""content"": ""nice out""}], [{""id"": ""g.2.0"", ""content"": ""dining""}], [{""id"": ""g.3.0"", ""content"": ""restaurant seating""}], [{""id"": ""g.4.0"", ""content"": ""to sit on""}], [{""id"": ""g.5.0"", ""content"": ""outside dining""}], [{""id"": ""g.6.0"", ""content"": ""for dining""}], [{""id"": ""g.7.0"", ""content"": ""cafe""}], [{""id"": ""g.8.0"", ""content"": ""it's outdoor cafe""}], [{""id"": ""g.9.0"", ""content"": ""people eating""}]]","133114004","""No link""","[""empty"", ""empty"", ""empty"", ""empty"", ""empty"", ""empty"", ""empty"", ""empty"", ""empty"", ""empty""]","""Why are the chairs outside?"""
"[[{""id"": ""g.0.0"", ""content"": ""because bus is yellow""}], [{""id"": ""g.1.0"", ""content"": ""route""}], [{""id"": ""g.2.0"", ""content"": ""yes""}], [{""id"": ""g.3.0"", ""content"": ""to identify it""}], [{""id"": ""g.4.0"", ""content"": ""bus is yellow""}], [{""id"": ""g.5.0"", ""content"": ""company brand""}], [{""id"": ""g.6.0"", ""content"": ""yellow bus/certain route""}], [{""id"": ""g.7.0"", ""content"": ""logo""}], [{""id"": ""g.8.0"", ""content"": ""car""}], [{""id"": ""g.9.0"", ""content"": ""color of bus""}]]","395314002","""No link""","[""empty"", ""empty"", ""empty"", ""empty"", ""empty"", ""empty"", ""empty"", ""empty"", ""empty"", ""empty""]","""Why is the symbol in the bus window a lemon?"""
"[[{""id"": ""g.0.0"", ""content"": ""because he slid""}], [{""id"": ""g.1.0"", ""content"": ""sliding""}], [{""id"": ""g.2.0"", ""content"": ""slide into plate carrier""}], [{""id"": ""g.3.0"", ""content"": ""he has fallen""}], [{""id"": ""g.4.0"", ""content"": ""he fell""}], [{""id"": ""g.5.0"", ""content"": ""it is baseball field""}]]","526403001","""No link""","[""empty"", ""empty"", ""empty"", ""empty"", ""empty"", ""empty""]","""Why there is dirt on the man to the right?"""
"[[{""id"": ""g.0.0"", ""content"": ""yes""}], [{""id"": ""g.1.0"", ""content"": ""he's surfing""}], [{""id"": ""g.2.0"", ""content"": ""surfboarding""}], [{""id"": ""g.3.0"", ""content"": ""stay warm""}], [{""id"": ""g.4.0"", ""content"": ""he is surfing""}], [{""id"": ""g.5.0"", ""content"": ""surfing""}], [{""id"": ""g.6.0"", ""content"": ""it's cold""}], [{""id"": ""g.7.0"", ""content"": ""in water""}], [{""id"": ""g.8.0"", ""content"": ""for protection""}]]","395341001","""No link""","[""empty"", ""empty"", ""empty"", ""empty"", ""empty"", ""empty"", ""empty"", ""empty"", ""empty""]","""Why is he wearing a wetsuit?"""
"[[{""id"": ""g.0.0"", ""content"": ""to black sun""}], [{""id"": ""g.1.0"", ""content"": ""sunlight""}], [{""id"": ""g.2.0"", ""content"": ""shade""}], [{""id"": ""g.3.0"", ""content"": ""for shade""}], [{""id"": ""g.4.0"", ""content"": ""sunny""}], [{""id"": ""g.5.0"", ""content"": ""block sun""}]]","2135005","""No link""","[""empty"", ""empty"", ""empty"", ""empty"", ""empty"", ""empty""]","""Why are the umbrellas open?"""
"[[{""id"": ""g.0.0"", ""content"": ""use both""}], [{""id"": ""g.1.0"", ""content"": ""yes""}], [{""id"": ""g.2.0"", ""content"": ""screen""}], [{""id"": ""g.3.0"", ""content"": ""better view""}], [{""id"": ""g.4.0"", ""content"": ""white is used""}], [{""id"": ""g.5.0"", ""content"": ""airflow""}], [{""id"": ""g.6.0"", ""content"": ""laptop keyboard broken""}], [{""id"": ""g.7.0"", ""content"": ""ease of use""}]]","526467000","""No link""","[""empty"", ""empty"", ""empty"", ""empty"", ""empty"", ""empty"", ""empty"", ""empty""]","""Why is the laptop sitting above a larger keyboard?"""
"[[{""id"": ""g.0.0"", ""content"": ""he's buying fridge""}], [{""id"": ""g.1.0"", ""content"": ""he bought new fridge""}], [{""id"": ""g.2.0"", ""content"": ""happy""}], [{""id"": ""g.3.0"", ""content"": ""he likes fridge""}], [{""id"": ""g.4.0"", ""content"": ""new fridge""}], [{""id"": ""g.5.0"", ""content"": ""buying fridge""}], [{""id"": ""g.6.0"", ""content"": ""about to make purchase""}], [{""id"": ""g.7.0"", ""content"": ""unknown""}]]","395409000","""No link""","[""empty"", ""empty"", ""empty"", ""empty"", ""empty"", ""empty"", ""empty"", ""empty""]","""Why is the man smiling?"""
"[[{""id"": ""g.0.0"", ""content"": ""lecture""}], [{""id"": ""g.1.0"", ""content"": ""speech""}], [{""id"": ""g.2.0"", ""content"": ""conference""}], [{""id"": ""g.3.0"", ""content"": ""so that his voice can be heard""}], [{""id"": ""g.4.0"", ""content"": ""he's talking""}], [{""id"": ""g.5.0"", ""content"": ""keynote speaker""}], [{""id"": ""g.6.0"", ""content"": ""giving speech""}], [{""id"": ""g.7.0"", ""content"": ""making joke""}]]","526491001","""No link""","[""empty"", ""empty"", ""empty"", ""empty"", ""empty"", ""empty"", ""empty"", ""empty""]","""Why is the man speaking at the microphone?"""
"[[{""id"": ""g.0.0"", ""content"": ""decoration""}], [{""id"": ""g.1.0"", ""content"": ""someone put them there""}], [{""id"": ""g.2.0"", ""content"": ""storage""}], [{""id"": ""g.3.0"", ""content"": ""design""}], [{""id"": ""g.4.0"", ""content"": ""padding""}], [{""id"": ""g.5.0"", ""content"": ""idk""}], [{""id"": ""g.6.0"", ""content"": ""unknown""}], [{""id"": ""g.7.0"", ""content"": ""stacked on other stuff""}], [{""id"": ""g.8.0"", ""content"": ""extras""}], [{""id"": ""g.9.0"", ""content"": ""they don't need to use them""}]]","395426003","""No link""","[""empty"", ""empty"", ""empty"", ""empty"", ""empty"", ""empty"", ""empty"", ""empty"", ""empty"", ""empty""]","""Why are there cushions on the wall?"""
"[[{""id"": ""g.0.0"", ""content"": ""to catch ball""}], [{""id"": ""g.1.0"", ""content"": ""he is catcher""}], [{""id"": ""g.2.0"", ""content"": ""catching""}], [{""id"": ""g.3.0"", ""content"": ""he is catcher awaiting ball thrown by pitcher""}], [{""id"": ""g.4.0"", ""content"": ""to catch""}], [{""id"": ""g.5.0"", ""content"": ""catcher""}], [{""id"": ""g.6.0"", ""content"": ""to catch baseball""}], [{""id"": ""g.7.0"", ""content"": ""to call hit or ball""}], [{""id"": ""g.8.0"", ""content"": ""catcher position""}], [{""id"": ""g.9.0"", ""content"": ""because that is catcher's position""}]]","264356000","""No link""","[""empty"", ""empty"", ""empty"", ""empty"", ""empty"", ""empty"", ""empty"", ""empty"", ""empty"", ""empty""]","""Why is the guy in white almost on his knees?"""
"[[{""id"": ""g.0.0"", ""content"": ""museum piece""}], [{""id"": ""g.1.0"", ""content"": ""it's not""}], [{""id"": ""g.2.0"", ""content"": ""storage""}], [{""id"": ""g.3.0"", ""content"": ""parked""}], [{""id"": ""g.4.0"", ""content"": ""it is not in use""}], [{""id"": ""g.5.0"", ""content"": ""it doesn't fly""}], [{""id"": ""g.6.0"", ""content"": ""parked there""}], [{""id"": ""g.7.0"", ""content"": ""part of collection""}], [{""id"": ""g.8.0"", ""content"": ""no reason""}]]","526506002","""No link""","[""empty"", ""empty"", ""empty"", ""empty"", ""empty"", ""empty"", ""empty"", ""empty"", ""empty""]","""Why is the helicopter sitting behind a building?"""
"[[{""id"": ""g.0.0"", ""content"": ""watching""}], [{""id"": ""g.1.0"", ""content"": ""resting""}], [{""id"": ""g.2.0"", ""content"": ""it's thinking""}], [{""id"": ""g.3.0"", ""content"": ""blending in""}], [{""id"": ""g.4.0"", ""content"": ""looking around""}], [{""id"": ""g.5.0"", ""content"": ""watching another animal""}], [{""id"": ""g.6.0"", ""content"": ""it is looking at something""}], [{""id"": ""g.7.0"", ""content"": ""predator in area""}], [{""id"": ""g.8.0"", ""content"": ""looking""}], [{""id"": ""g.9.0"", ""content"": ""he heard noise""}]]","133314001","""No link""","[""empty"", ""empty"", ""empty"", ""empty"", ""empty"", ""empty"", ""empty"", ""empty"", ""empty"", ""empty""]","""Why is the giraffe standing so still?"""
"[[{""id"": ""g.0.0"", ""content"": ""yes""}], [{""id"": ""g.1.0"", ""content"": ""photo taken from car""}], [{""id"": ""g.2.0"", ""content"": ""vehicle""}], [{""id"": ""g.3.0"", ""content"": ""picture taken from inside car""}], [{""id"": ""g.4.0"", ""content"": ""there is road""}], [{""id"": ""g.5.0"", ""content"": ""cow on road""}], [{""id"": ""g.6.0"", ""content"": ""car""}], [{""id"": ""g.7.0"", ""content"": ""inside car""}], [{""id"": ""g.8.0"", ""content"": ""windshield""}]]","264388001","""No link""","[""empty"", ""empty"", ""empty"", ""empty"", ""empty"", ""empty"", ""empty"", ""empty"", ""empty""]","""Why is the nature scene partially obstructed?"""
"[[{""id"": ""g.0.0"", ""content"": ""safety""}], [{""id"": ""g.1.0"", ""content"": ""do he doesn't drown""}], [{""id"": ""g.2.0"", ""content"": ""yes""}], [{""id"": ""g.3.0"", ""content"": ""so he doesn't drown""}], [{""id"": ""g.4.0"", ""content"": ""won't drown""}], [{""id"": ""g.5.0"", ""content"": ""swimming""}], [{""id"": ""g.6.0"", ""content"": ""can't swim""}], [{""id"": ""g.7.0"", ""content"": ""to keep from drowning""}], [{""id"": ""g.8.0"", ""content"": ""keep afloat""}]]","264436002","""No link""","[""empty"", ""empty"", ""empty"", ""empty"", ""empty"", ""empty"", ""empty"", ""empty"", ""empty""]","""Why does this dog wear a vest?"""
"[[{""id"": ""g.0.0"", ""content"": ""brothers""}], [{""id"": ""g.1.0"", ""content"": ""for fun""}], [{""id"": ""g.2.0"", ""content"": ""yes""}], [{""id"": ""g.3.0"", ""content"": ""best friends""}], [{""id"": ""g.4.0"", ""content"": ""team""}], [{""id"": ""g.5.0"", ""content"": ""friends""}], [{""id"": ""g.6.0"", ""content"": ""just because""}], [{""id"": ""g.7.0"", ""content"": ""same shirt""}]]","133384002","""No link""","[""empty"", ""empty"", ""empty"", ""empty"", ""empty"", ""empty"", ""empty"", ""empty""]","""Why are the boys dressed alike?"""
"[[{""id"": ""g.0.0"", ""content"": ""those are kites""}], [{""id"": ""g.1.0"", ""content"": ""spray""}], [{""id"": ""g.2.0"", ""content"": ""near beach""}], [{""id"": ""g.3.0"", ""content"": ""those are kites, not water drops""}], [{""id"": ""g.4.0"", ""content"": ""i guess it is foggy""}], [{""id"": ""g.5.0"", ""content"": ""it rained earlier""}], [{""id"": ""g.6.0"", ""content"": ""beach""}], [{""id"": ""g.7.0"", ""content"": ""no""}], [{""id"": ""g.8.0"", ""content"": ""splash""}], [{""id"": ""g.9.0"", ""content"": ""for effect""}]]","133410004","""No link""","[""empty"", ""empty"", ""empty"", ""empty"", ""empty"", ""empty"", ""empty"", ""empty"", ""empty"", ""empty""]","""Why is water on the camera, when it's not raining?"""
"[[{""id"": ""g.0.0"", ""content"": ""resting""}], [{""id"": ""g.1.0"", ""content"": ""1""}], [{""id"": ""g.2.0"", ""content"": ""to read""}], [{""id"": ""g.3.0"", ""content"": ""bench""}], [{""id"": ""g.4.0"", ""content"": ""to relax""}], [{""id"": ""g.5.0"", ""content"": ""feeding birds""}]]","133467027","""No link""","[""empty"", ""empty"", ""empty"", ""empty"", ""empty"", ""empty""]","""Why are the people sitting there?"""
"[[{""id"": ""g.0.0"", ""content"": ""for fun""}], [{""id"": ""g.1.0"", ""content"": ""school""}], [{""id"": ""g.2.0"", ""content"": ""competitive skiers""}], [{""id"": ""g.3.0"", ""content"": ""ski race""}], [{""id"": ""g.4.0"", ""content"": ""lesson""}], [{""id"": ""g.5.0"", ""content"": ""skiing lessons""}], [{""id"": ""g.6.0"", ""content"": ""learning to ski""}], [{""id"": ""g.7.0"", ""content"": ""it's class""}], [{""id"": ""g.8.0"", ""content"": ""competition""}], [{""id"": ""g.9.0"", ""content"": ""vacation""}]]","2402013","""No link""","[""empty"", ""empty"", ""empty"", ""empty"", ""empty"", ""empty"", ""empty"", ""empty"", ""empty"", ""empty""]","""Why are there so many children skiing?"""
"[[{""id"": ""g.0.0"", ""content"": ""life""}], [{""id"": ""g.1.0"", ""content"": ""having fun""}], [{""id"": ""g.2.0"", ""content"": ""tv""}], [{""id"": ""g.3.0"", ""content"": ""he's playing game""}], [{""id"": ""g.4.0"", ""content"": ""playing games""}], [{""id"": ""g.5.0"", ""content"": ""winning""}], [{""id"": ""g.6.0"", ""content"": ""he's having fun""}], [{""id"": ""g.7.0"", ""content"": ""he's playing""}], [{""id"": ""g.8.0"", ""content"": ""playing wii""}], [{""id"": ""g.9.0"", ""content"": ""playing""}]]","510729001","""No link""","[""empty"", ""empty"", ""empty"", ""empty"", ""empty"", ""empty"", ""empty"", ""empty"", ""empty"", ""empty""]","""Why is this guy so happy?"""
"[[{""id"": ""g.0.0"", ""content"": ""not""}], [{""id"": ""g.1.0"", ""content"": ""it's not""}], [{""id"": ""g.2.0"", ""content"": ""it's not in black and white""}], [{""id"": ""g.3.0"", ""content"": ""no""}], [{""id"": ""g.4.0"", ""content"": ""not in black and white""}], [{""id"": ""g.5.0"", ""content"": ""it is not""}]]","349931001","""No link""","[""empty"", ""empty"", ""empty"", ""empty"", ""empty"", ""empty""]","""Why is the pic in black and white?"""
"[[{""id"": ""g.0.0"", ""content"": ""inside fountain""}], [{""id"": ""g.1.0"", ""content"": ""it's pond""}], [{""id"": ""g.2.0"", ""content"": ""fountain""}], [{""id"": ""g.3.0"", ""content"": ""rained""}], [{""id"": ""g.4.0"", ""content"": ""pond""}], [{""id"": ""g.5.0"", ""content"": ""pool""}]]","264598004","""No link""","[""empty"", ""empty"", ""empty"", ""empty"", ""empty"", ""empty""]","""Why is the ground wet?"""
"[[{""id"": ""g.0.0"", ""content"": ""they will be shorn""}], [{""id"": ""g.1.0"", ""content"": ""unsure""}], [{""id"": ""g.2.0"", ""content"": ""to identify them""}], [{""id"": ""g.3.0"", ""content"": ""visibility""}], [{""id"": ""g.4.0"", ""content"": ""marking""}], [{""id"": ""g.5.0"", ""content"": ""culls""}], [{""id"": ""g.6.0"", ""content"": ""identification""}], [{""id"": ""g.7.0"", ""content"": ""to count them""}], [{""id"": ""g.8.0"", ""content"": ""count from air""}], [{""id"": ""g.9.0"", ""content"": ""counting""}]]","133540001","""No link""","[""empty"", ""empty"", ""empty"", ""empty"", ""empty"", ""empty"", ""empty"", ""empty"", ""empty"", ""empty""]","""Why are the coats painted?"""
"[[{""id"": ""g.0.0"", ""content"": ""relaxing""}], [{""id"": ""g.1.0"", ""content"": ""resting""}], [{""id"": ""g.2.0"", ""content"": ""with family""}], [{""id"": ""g.3.0"", ""content"": ""to watch river""}], [{""id"": ""g.4.0"", ""content"": ""watching boats""}], [{""id"": ""g.5.0"", ""content"": ""talking""}]]","393630000","""No link""","[""empty"", ""empty"", ""empty"", ""empty"", ""empty"", ""empty""]","""Why is the woman sitting on the bench?"""
"[[{""id"": ""g.0.0"", ""content"": ""yes""}], [{""id"": ""g.1.0"", ""content"": ""to warm it's body""}], [{""id"": ""g.2.0"", ""content"": ""it is cold""}], [{""id"": ""g.3.0"", ""content"": ""warmth""}], [{""id"": ""g.4.0"", ""content"": ""cold""}]]","532555002","""No link""","[""empty"", ""empty"", ""empty"", ""empty"", ""empty""]","""Why does the horse have a blanket on?"""
"[[{""id"": ""g.0.0"", ""content"": ""small umbrella""}], [{""id"": ""g.1.0"", ""content"": ""her friend sucks""}], [{""id"": ""g.2.0"", ""content"": ""none""}], [{""id"": ""g.3.0"", ""content"": ""it's too small""}], [{""id"": ""g.4.0"", ""content"": ""too small""}], [{""id"": ""g.5.0"", ""content"": ""no""}], [{""id"": ""g.6.0"", ""content"": ""rudeness""}], [{""id"": ""g.7.0"", ""content"": ""unknown""}], [{""id"": ""g.8.0"", ""content"": ""small""}]]","536920010","""No link""","[""empty"", ""empty"", ""empty"", ""empty"", ""empty"", ""empty"", ""empty"", ""empty"", ""empty""]","""Why don't the girls share the umbrella?"""
"[[{""id"": ""g.0.0"", ""content"": ""raining""}], [{""id"": ""g.1.0"", ""content"": ""rain""}], [{""id"": ""g.2.0"", ""content"": ""it's raining""}], [{""id"": ""g.3.0"", ""content"": ""it is raining""}]]","536920011","""No link""","[""empty"", ""empty"", ""empty"", ""empty""]","""Why the street is wet?"""
"[[{""id"": ""g.0.0"", ""content"": ""camera""}], [{""id"": ""g.1.0"", ""content"": ""reflection in window""}], [{""id"": ""g.2.0"", ""content"": ""it's not""}], [{""id"": ""g.3.0"", ""content"": ""he's fluffy""}], [{""id"": ""g.4.0"", ""content"": ""kitten's out of focus""}], [{""id"": ""g.5.0"", ""content"": ""your best guess""}], [{""id"": ""g.6.0"", ""content"": ""out of focus""}], [{""id"": ""g.7.0"", ""content"": ""reflection""}], [{""id"": ""g.8.0"", ""content"": ""photo effect""}]]","2606001","""No link""","[""empty"", ""empty"", ""empty"", ""empty"", ""empty"", ""empty"", ""empty"", ""empty"", ""empty""]","""Why is the kitten blurry?"""
"[[{""id"": ""g.0.0"", ""content"": ""watching""}], [{""id"": ""g.1.0"", ""content"": ""relaxing""}], [{""id"": ""g.2.0"", ""content"": ""resting""}], [{""id"": ""g.3.0"", ""content"": ""looking out""}], [{""id"": ""g.4.0"", ""content"": ""napping""}], [{""id"": ""g.5.0"", ""content"": ""sun""}], [{""id"": ""g.6.0"", ""content"": ""sitting in sun""}], [{""id"": ""g.7.0"", ""content"": ""to look out window""}]]","2606007","""No link""","[""empty"", ""empty"", ""empty"", ""empty"", ""empty"", ""empty"", ""empty"", ""empty""]","""Why are they on the sill?"""
"[[{""id"": ""g.0.0"", ""content"": ""playing game""}], [{""id"": ""g.1.0"", ""content"": ""gaming""}], [{""id"": ""g.2.0"", ""content"": ""they are playing wii""}], [{""id"": ""g.3.0"", ""content"": ""playing games""}], [{""id"": ""g.4.0"", ""content"": ""game playing""}], [{""id"": ""g.5.0"", ""content"": ""playing wii""}], [{""id"": ""g.6.0"", ""content"": ""playing""}], [{""id"": ""g.7.0"", ""content"": ""playing video game""}]]","2693006","""No link""","[""empty"", ""empty"", ""empty"", ""empty"", ""empty"", ""empty"", ""empty"", ""empty""]","""Why are some of the people standing?"""
"[[{""id"": ""g.0.0"", ""content"": ""letting people off""}], [{""id"": ""g.1.0"", ""content"": ""stop light""}], [{""id"": ""g.2.0"", ""content"": ""not parked""}], [{""id"": ""g.3.0"", ""content"": ""street""}], [{""id"": ""g.4.0"", ""content"": ""red light""}], [{""id"": ""g.5.0"", ""content"": ""waiting""}], [{""id"": ""g.6.0"", ""content"": ""to pick up passengers""}]]","395920011","""No link""","[""empty"", ""empty"", ""empty"", ""empty"", ""empty"", ""empty"", ""empty""]","""Why is the bus parked?"""
"[[{""id"": ""g.0.0"", ""content"": ""type of lens""}], [{""id"": ""g.1.0"", ""content"": ""lens type""}], [{""id"": ""g.2.0"", ""content"": ""filter""}], [{""id"": ""g.3.0"", ""content"": ""fisheye lens""}], [{""id"": ""g.4.0"", ""content"": ""weird lens""}], [{""id"": ""g.5.0"", ""content"": ""lens""}], [{""id"": ""g.6.0"", ""content"": ""photoshop""}], [{""id"": ""g.7.0"", ""content"": ""camera is using fisheye lens""}], [{""id"": ""g.8.0"", ""content"": ""photography""}], [{""id"": ""g.9.0"", ""content"": ""through lens""}]]","44147000","""No link""","[""empty"", ""empty"", ""empty"", ""empty"", ""empty"", ""empty"", ""empty"", ""empty"", ""empty"", ""empty""]","""Why does this man look so distorted in the photo?"""
"[[{""id"": ""g.0.0"", ""content"": ""to serve""}], [{""id"": ""g.1.0"", ""content"": ""hit ball""}], [{""id"": ""g.2.0"", ""content"": ""serving tennis ball""}], [{""id"": ""g.3.0"", ""content"": ""serving ball""}], [{""id"": ""g.4.0"", ""content"": ""playing tennis""}], [{""id"": ""g.5.0"", ""content"": ""serve ball""}], [{""id"": ""g.6.0"", ""content"": ""he threw ball up""}], [{""id"": ""g.7.0"", ""content"": ""to serve ball""}]]","66003001","""No link""","[""empty"", ""empty"", ""empty"", ""empty"", ""empty"", ""empty"", ""empty"", ""empty""]","""Why is the man reaching his arm up?"""
"[[{""id"": ""g.0.0"", ""content"": ""swollen""}], [{""id"": ""g.1.0"", ""content"": ""perspective of picture""}], [{""id"": ""g.2.0"", ""content"": ""close up photo""}], [{""id"": ""g.3.0"", ""content"": ""close to camera""}], [{""id"": ""g.4.0"", ""content"": ""perspective""}], [{""id"": ""g.5.0"", ""content"": ""close up picture""}], [{""id"": ""g.6.0"", ""content"": ""close range""}], [{""id"": ""g.7.0"", ""content"": ""this is closeup""}], [{""id"": ""g.8.0"", ""content"": ""close up""}]]","527096002","""No link""","[""empty"", ""empty"", ""empty"", ""empty"", ""empty"", ""empty"", ""empty"", ""empty"", ""empty""]","""Why is his fingers so big?"""
